archive1-LumoSQL-on-github,LumoSQL,63,13,False
A-Eye,peng-zhihui,1118,231,False
sl4a,damonkohler,2273,827,False
write-a-C-interpreter,lotabout,3120,641,False
a,tavmem,11,7,False
How-to-Make-a-Computer-Operating-System,SamyPesse,19933,3377,False
a-culfw,heliflieger,114,53,False
Netgear-A6210,jurobystricky,288,158,False
aSYNcrone,fatihsnsy,146,37,False
write_a_c_compiler,nlsandler,637,74,False
a314,niklasekstrom,199,22,False
Ejercicios-Controles-CC3301,giturra,2,3,False
checkm8-a5,a1exdandy,121,99,False
aMap,apicloudcom,52,28,False
a-star,pololu,52,27,False
c-programming-a-modern-approach,fordea,242,136,False
Ventoy,ventoy,37068,2756,False
skynet,cloudwu,11361,3859,False
kernel_liteos_a_note,kuangyufei,186,39,False
HxA,quelsolaar,174,11,False
aWsm,gwsystems,170,11,False
AdAway,AdAway,4331,463,False
SafeA9LHInstaller,AuroraWright,142,38,False
arcore-android-sdk,google-ar,4514,1103,False
phpredis,phpredis,9392,2110,False
audacity,audacity,7812,1890,False
AliOS-Things,alibaba,4255,1041,False
Let-s-build-a-compiler,lotabout,345,62,False
ArduinoCore-avr,arduino,807,878,False
esp_wifi_repeater,martin-ger,4089,804,False
kbengine,kbengine,4939,2303,False
arduino-esp32,espressif,9077,5777,False
i3,i3,7376,682,False
AppImageKit,AppImage,7364,489,False
A2,lvzixun,38,14,False
8cc,rui314,5635,715,False
redis-3.0-annotated,huangz1990,8908,3968,False
Learn-Algorithms,nonstriater,6741,2204,False
acwj,DoctorWkt,6654,623,False
CSE240A,prodromou87,7,86,False
Atlas,Qihoo360,4619,1177,False
FreeRDP,FreeRDP,7150,17698,False
klipper,Klipper3d,5087,3490,False
DIY-A-BLE-Keyboard,I0x0I,111,24,False
BGAQRCode-Android,bingoogolapple,7597,1734,False
AndroidUSBCamera,jiangdongguo,1434,518,False
chibicc,rui314,5899,540,False
blurhash,woltapp,10669,246,False
datastructs_and_algorithm,wangkuiwu,917,786,False
ctags,universal-ctags,5096,508,False
pocketsphinx,cmusphinx,3056,613,False
RetroArch,libretro,6854,1441,False
AndroidFFmpeg,appunite,1059,486,False
The-Art-Of-Programming-By-July,julycoding,20496,7177,False
phc-winner-argon2,P-H-C,4011,355,False
RedisGraph,RedisGraph,1689,196,False
acl,acl-dev,2247,895,False
sm64,n64decomp,6268,1083,False
reactos,reactos,11259,1386,False
ZipArchive,ZipArchive,5067,1238,False
Let-s-build-a-compiler,vtudose,184,36,False
anypixel,googlecreativelab,6423,531,False
compton,chjj,2158,532,False
dsvpn,jedisct1,4968,373,False
Android-AppDaemon,coolerfall,899,268,False
android-serialport-api,cepr,1112,492,False
nuklear,vurtun,13447,1114,False
ArduinoCore-arc32,arduino,308,288,False
awtk,zlgopen,2552,699,False
Quake-III-Arena,id-Software,6038,1704,False
AFLplusplus,AFLplusplus,2899,592,False
ArduinoCore-samd,arduino,393,654,False
asn1c,vlm,849,461,False
mac-a-mal,phdphuc,69,19,False
AndroLua,mkottman,980,303,False
AirplayServer,KqSMea8,310,502,False
reptyr,nelhage,4432,194,False
FFmpegAndroid,xufuji456,3384,978,False
AnnotatedCode,chenyahui,1069,278,False
Wi-Fi-Sniffer-as-a-Human-detector,SensorsIot,213,102,False
AirConnect,philippe44,2595,187,False
allegro5,liballeg,1422,243,False
amazon-freertos,aws,2499,1096,False
android2,aqi00,608,348,False
asterisk,asterisk,1253,725,False
ATTinyCore,SpenceKonde,1220,254,False
AFL,google,2854,496,False
python-on-a-chip,jsnyder,62,18,False
mimikatz,gentilkiwi,15719,3090,False
SVT-AV1,AOMediaCodec,1647,273,False
geany,geany,2360,536,False
simple-obfs,shadowsocks,2273,555,False
inotify-tools,inotify-tools,2610,364,False
beanstalkd,beanstalkd,6177,862,False
aircrack-ng-archive,aircrack-ng,841,319,False
aircrack-ng,aircrack-ng,3149,697,False
introducao-a-programacao-livro,ufpb-computacao,46,18,False
AndroidMP3Recorder,GavinCT,724,322,False
TC1_A2,linlyv,31,21,False
c-algorithms,fragglet,2784,683,False
esp8266ws2812i2s,cnlohr,522,114,False
bplus-tree,embedded2016,104,48,False
BoldClash-BWHOOP-B-03,silver13,58,112,False
bt,ohad-rodeh,83,29,False
bplustree,begeekmyfriend,1713,288,False
pie-device-brobwind-rpi3,brobwind,76,38,False
epd-library-stm32,soonuse,37,25,False
btree.c,tidwall,164,17,False
tar1090,wiedehopf,690,134,False
b,nw2s,20,5,False
CS-Lab,Nikhil713,11,22,False
readsb,wiedehopf,89,8,False
b-compiler,sergev,18,12,False
SX1231,x893,8,17,False
b-parasite,rbaron,509,55,False
RaspberryPi-CPUMiner,demogorgonz,82,25,False
btree,OrangeTide,107,23,False
libmodes,watson,44,16,False
masstree,rmind,81,24,False
B-Plus-Tree,shashikdm,15,14,False
Btree-source-code,malbrain,206,45,False
UAT-test-signal,lyusupov,27,13,False
bcc,iovisor,15078,2977,False
L-BFGS-B-C,stephenbeckr,94,46,False
database,edussx,14,8,False
betaflight,betaflight,5953,2326,False
bplus,indutny,31,9,False
tinyspline,msteinbeck,807,156,False
abc,aap,36,8,False
b-em,stardot,78,40,False
BrushlessServoController,pat92fr,33,8,False
BlackHole,ExistentialAudio,9046,377,False
b64.c,jwerle,218,91,False
brotli,google,11331,1084,False
sgminer-baikal,cod3gen,20,49,False
blender,blender,6181,1085,False
n00bRAT,abhishekkr,160,83,False
b3603,baruch,57,32,False
B-trie,naskitis,17,7,False
btree,janneku,26,7,False
BGAQRCode-Android,bingoogolapple,7597,1734,False
ds18b20,hepingood,217,66,False
PSn00bSDK,Lameguy64,446,48,False
beanstalkd,beanstalkd,6177,862,False
BlockTheSpot,master131,1305,699,False
ssss,MrJoy,65,23,False
u-boot,u-boot,2258,2500,False
ws2812b,hepingood,127,74,False
The-Art-Of-Programming-By-July,julycoding,20496,7177,False
B-Plus-Tree,parachvte,18,13,False
MKS-SERVO42B,makerbase-mks,128,67,False
HandBrake,HandBrake,10464,991,False
ElectronBot,peng-zhihui,5223,1282,False
TV-B-Gone-kit,adafruit,102,66,False
bladeRF,Nuand,939,410,False
u-boot-encore,verygreen,9,9,False
OpenBLAS,xianyi,4663,1202,False
tree,disembl,39,22,False
bldc,vedderb,1338,985,False
SafeB9SInstaller,d0k3,434,33,False
bfgminer,luke-jr,1651,797,False
GameB,ryanries,125,15,False
fluent-bit,fluent,3785,1090,False
bspwm,baskerville,6334,398,False
gt3b,semerad,63,66,False
blackmagic,blackmagic-debug,2045,597,False
WebBench,EZLippi,2303,1119,False
rfm12b-linux,gkaindl,112,45,False
badvpn,ambrop72,1690,554,False
blurhash,woltapp,10669,246,False
bedtools2,arq5x,767,269,False
boringssl,google,1302,583,False
Broadway,mbebenita,2547,417,False
box86,ptitSeb,2216,152,False
BinExp,rosehgal,1086,207,False
bcc,kparc,16,4,False
bbrplus,cx9208,1299,508,False
BreezySLAM,simondlevy,686,241,False
bluepy,IanHarvey,1474,476,False
bwa,lh3,1160,517,False
android_bootable_recovery,omnirom,1825,1464,False
btstack,bluekitchen,1198,488,False
busybox,mirror,1055,482,False
CloverBootloader,CloverHackyColor,3518,531,False
ds18b20,nimaltd,89,37,False
bdwgc,ivmai,2071,323,False
iWatch,ZeekiChen,59,26,False
box2d.js,kripken,1190,187,False
BokuLoader,boku7,759,165,False
BIGTREETECH-TouchScreenFirmware,bigtreetech,997,1364,False
b3,ritschmaster,231,7,False
bitwise,pervognsen,4933,194,False
apache-ultimate-bad-bot-blocker,mitchellkrogza,596,147,False
Boatpro,nathanlnw,7,4,False
bplus-tree,berenm,26,6,False
sonic-buildimage,Azure,437,989,False
baresip,baresip,1011,361,False
brainflayer,ryancdotorg,724,412,False
TASSL-1.1.1b,jntass,144,67,False
bsdiff,mendsley,1430,282,False
C,TheAlgorithms,14039,3558,False
C,Mzzopublic,2863,1510,False
c,AllAlgorithms,975,448,False
c,justin-lathrop,467,356,False
c,wenjun1055,433,301,False
C,yaouser,513,269,False
c,exercism,235,158,False
C,luoweipeter,191,106,False
C,harsh2102,133,110,False
c,andrewchambers,436,60,False
stb,nothings,19458,6797,False
C,taller-programacion,24,155,False
librdkafka,edenhill,6107,2779,False
git,git,43004,23804,False
libcs50,cs50,1005,551,False
civetweb,civetweb,2146,847,False
C,CoolerVoid,47,55,False
C,kazuho,59,46,False
c,pubnub,47,44,False
c,malaise,52,33,False
C,GenaANTG,45,35,False
c4,rswier,7795,1270,False
c,kubernetes-client,78,27,False
msquic,microsoft,2922,363,False
cJSON,DaveGamble,7722,2673,False
distcc,distcc,1704,257,False
uftrace,namhyung,2164,332,False
jansson,akheron,2649,757,False
8cc,rui314,5635,715,False
C,hc0d3r,36,26,False
C,number571,24,30,False
libevent,libevent,9026,3083,False
leetcode,begeekmyfriend,2753,757,False
chibicc,rui314,5899,540,False
libconfig,hyperrealm,918,321,False
c,17mon,32,23,False
libsodium,jedisct1,10303,1592,False
C,GreenHackers,25,22,False
json-c,json-c,2503,1005,False
xrdp,neutrinolabs,3929,2190,False
webview,webview,10304,805,False
lab0-c,sysprog21,219,944,False
hiredis,redis,5377,1687,False
nuklear,vurtun,13447,1114,False
v7,cesanta,1355,173,False
http-parser,nodejs,6052,1513,False
dirent,tronkko,810,477,False
Unity,ThrowTheSwitch,2604,776,False
CRoaring,RoaringBitmap,1025,184,False
RetroArch,libretro,6854,1441,False
edk2,tianocore,3049,1788,False
mjs,cesanta,1645,147,False
tinyvm,jakogut,2939,274,False
C,laumann,41,15,False
yaf,laruence,4476,1411,False
libusb,libusb,3879,1605,False
c-algorithms,fragglet,2784,683,False
lz4,lz4,7345,1127,False
How-to-Make-a-Computer-Operating-System,SamyPesse,19933,3377,False
flecs,SanderMertens,2867,210,False
RepRapFirmware,Duet3D,803,500,False
avcleaner,scrt,733,162,False
cpuminer,jgarzik,809,2296,False
libmodbus,stephane,2338,1411,False
C,ImLazyC0der,3,41,False
Cello,orangeduck,5943,356,False
clib,clibs,4382,219,False
tiny-AES-c,kokke,3197,1120,False
lxc,lxc,3753,1021,False
wt,emweb,1415,335,False
TinyEKF,simondlevy,773,296,False
C,aravindvnair99,11,21,False
tig,jonas,11059,584,False
statsite,statsite,1798,250,False
tor,torproject,3229,831,False
acwj,DoctorWkt,6654,623,False
AntzOS,CasterWx,404,43,False
uthash,troydhanson,3118,770,False
datastructs_and_algorithm,wangkuiwu,917,786,False
Data-Structure,kangjianwei,2573,877,False
monitoring-plugins,monitoring-plugins,448,266,False
rnnoise,xiph,2612,753,False
myhtml,lexborisov,1541,153,False
InfiniTime,InfiniTimeOrg,1702,589,False
C,meganadh,11,18,False
tbox,tboox,4075,627,False
slre,cesanta,497,116,False
flex,westes,2630,455,False
phpredis,phpredis,9392,2110,False
C,umutkotankiran,14,16,False
EasyLogger,armink,2330,891,False
Collections-C,srdja,2420,304,False
naxsi,nbs-system,4077,581,False
movfuscator,Battelle,853,449,False
lib,vurtun,1007,81,False
LCUI,lc-soft,3788,348,False
libbacktrace,ianlancetaylor,640,160,False
log.c,rxi,1524,338,False
dyad,rxi,1308,196,False
Corange,orangeduck,1516,185,False
dSYMTools,answer-huang,3326,874,False
dbus-broker,bus1,490,62,False
gzip.jl,jvns,155,13,False
DeepCompletionRelease,yindaz,476,139,False
rtl8192eu-linux-driver,Mange,1023,361,False
dplus-c,DNSPod,73,26,False
dlink-decrypt,0xricksanchez,102,31,False
daemontools,daemontools,76,32,False
ejoy2d,ejoy,1910,642,False
mini3d,skywind3000,1743,449,False
entangled,iotaledger,111,67,False
nprobe,seryl,28,47,False
herbe,dudik,401,32,False
Chipmunk2D,slembcke,1811,308,False
dstep,jacob-carlborg,192,39,False
dbusmap,taviso,73,19,False
LittleD,graemedouglas,709,50,False
WindowsD,katlogic,255,73,False
kdtree,gvd,55,21,False
box2d.js,kripken,1190,187,False
ZeroMQ,D-Programming-Deimos,33,16,False
0d1n,CoolerVoid,782,184,False
darknet,pjreddie,23051,20330,False
d2sqlite3,dlang-community,68,28,False
xash3d-fwgs,FWGS,660,127,False
light2d,miloyip,757,113,False
dfuzzer,dbus-fuzzer,25,9,False
vkd3d-proton,HansKristian-Work,865,96,False
samples-dbus,fbuihuu,56,22,False
xash3d,FWGS,501,100,False
free-dmo-stm32,free-dmo,82,18,False
OpenMPI,1100110,12,14,False
HelloD3D12,GPUOpen-LibrariesAndSDKs,115,26,False
chocolate_duke3D,fabiensanglard,554,87,False
moto_g,faux123,10,11,False
AqualinkD,sfeakes,120,37,False
taxe-habitation,etalab,84,15,False
OpenD2,eezstreet,551,72,False
dAISy,astuder,110,34,False
SMILEsmileD,hromi,68,40,False
android_kernel_samsung_msm7x27a,TheWhisp,6,44,False
dEngine,fabiensanglard,110,32,False
Torque2D,TorqueGameEngines,548,59,False
ts3init_linux_netfilter_module,TeamSpeak-Systems,53,16,False
simple2d,simple2d,486,60,False
specfem2d,geodynamics,89,111,False
Wolf3D-iOS,id-Software,467,161,False
angel2d,angel2d,268,63,False
tinyspline,msteinbeck,807,156,False
Scotty3D,cmu462,247,63,False
hellomap3d,nutiteq,152,76,False
dump1090,antirez,1933,1178,False
libfprint-fprintd,freedesktop,11,13,False
dbus,ereslibre,6,9,False
chkconfig,fedora-sysv,12,22,False
DOOM,id-Software,8592,1515,False
Lamobo-D1,Lamobo,69,73,False
libvita2d,xerpi,127,55,False
d2bs,noah-,79,59,False
GLS3D,adobe,103,52,False
dbus-python,freedesktop,17,8,False
dClass,TheWeatherChannel,63,18,False
darktable,darktable-org,6884,945,False
Windows-driver-samples,microsoft,5349,4464,False
darwin-xnu,apple,10102,1582,False
Dummy-Robot,peng-zhihui,7937,1728,False
WS_OpenGL_StarterProject,Aenorya,0,18,False
PackageKit,PackageKit,175,129,False
cii,kev009,67,20,False
FNA3D,FNA-XNA,187,33,False
LDD-LinuxDeviceDrivers,gatieme,1530,629,False
d2gs,tesseract2048,77,47,False
SIFT3D,bbrister,95,43,False
dPoW,KomodoPlatform,32,69,False
record3d,marek-simonik,185,32,False
KoviD,carloslack,64,15,False
bufferkdtree,gieseke,56,20,False
Skynet3d,thijsk,63,49,False
esp8266_deauther,SpacehuhnTech,10213,2165,False
darkforestGo,facebookresearch,2112,344,False
DoubleAgent,Cybellum,1162,432,False
pret3,aaaaaa123456789,9,5,False
Console3D,ArtemOnigiri,128,34,False
disque,antirez,7868,551,False
citro3d,devkitPro,184,28,False
dpdk,DPDK,1969,892,False
ChinaDNS,shadowsocks,3480,1366,False
bench2d,joelgwebber,66,40,False
dokany,dokan-dev,4335,580,False
3d-bin-pack,wknechtel,70,39,False
tt,speps,54,3,False
dflat20,alexfru,39,7,False
dumpdecrypted,stefanesser,2707,667,False
warp3d,rhdodds,75,36,False
dNAO,Chris-plus-alphanumericgibberish,13,24,False
darling,darlinghq,9088,369,False
DAPLink,ARMmbed,1549,798,False
drmdecrypt,marvin0815,20,9,False
Dobby,jmpews,2905,596,False
USB-Rubber-Ducky,hak5darren,5989,1684,False
e,hellerve,448,23,False
e-Paper,waveshare,872,457,False
Watchy,sqfmi,1308,240,False
e,the8thbit,75,4,False
epdiy,vroland,617,100,False
libdmg,OpenJailbreak,5,5,False
TFT_eSPI,Bodmer,2025,663,False
arduino-esp32,espressif,9077,5777,False
wifi_display,davidgfnet,242,37,False
freedom-e-sdk,sifive,522,194,False
Droidsound,droidmjt,147,25,False
unpv13e,unpbook,790,376,False
esp8266_deauther,SpacehuhnTech,10213,2165,False
CSAPP-3e-Solutions,DreamAndDead,1149,284,False
GxEPD2,ZinggJM,554,149,False
emscripten,emscripten-core,22526,2884,False
edk2,tianocore,3049,1788,False
ElectronBot,peng-zhihui,5223,1282,False
sslh,yrutschle,3631,321,False
esp-idf,espressif,8857,5625,False
ESP8266_RTOS_SDK,espressif,2815,1439,False
Wall-E,SRA-VJTI,59,46,False
exploitdb,offensive-security,7309,1932,False
EasyLogger,armink,2330,891,False
mdc118,profjosereginaldo,8,181,False
osc10e,greggagne,315,189,False
ExplorerPatcher,valinet,6984,397,False
s2e-old,S2E,310,172,False
EasyHook,EasyHook,2500,590,False
Quake3e,ec-,877,99,False
EasyFlash,armink,1544,663,False
e2fsprogs,tytso,256,157,False
qu3e,RandyGaul,813,93,False
eMail,deanproxy,134,44,False
EpMedia,yangjie10930,2094,497,False
ED060SC4_driver,PetteriAimonen,186,31,False
CoolReader,amahule,77,45,False
esp32-snippets,nkolban,1957,656,False
diy-esp32-epub-reader,atomic14,117,15,False
ejoy2d,ejoy,1910,642,False
OSC9e,greggagne,235,133,False
CSAPP2e,shihyu,196,141,False
GxEPD,ZinggJM,723,182,False
ExpressLRS,ExpressLRS,1850,386,False
windows-kernel-exploits,SecWiki,6479,2679,False
SoftEtherVPN,SoftEtherVPN,9108,2233,False
eddystone,google,3035,794,False
eGUI,NXPmicro,74,41,False
esp8266-oled-ssd1306,ThingPulse,1716,577,False
weatherdisplay,andrei7c4,331,42,False
EBiCS_Firmware,EBiCS,48,93,False
Espruino,espruino,2455,684,False
ESP8266_NONOS_SDK,espressif,825,504,False
eBox_Framework,eboxmaker,193,94,False
e,mtve,14,2,False
linux-kernel-exploits,SecWiki,4465,1715,False
ESP8266Audio,earlephilhower,1434,348,False
ePub-quicklook,jaketmp,536,56,False
esp32-camera,espressif,979,405,False
ecapture,ehids,4073,447,False
unpv13e,DingHe,134,97,False
enet,lsalzman,2164,581,False
esp8266-wiki,esp8266,1689,297,False
MT7630E,neurobin,234,72,False
AppleIntelWiFiMVM,ammulder,470,111,False
edk2-sdm845,edk2-porting,1718,262,False
cs140e-20win,dddrrreee,903,117,False
viabtc_exchange_server,viabtc,2531,1486,False
ettercap,Ettercap,1873,461,False
earth-reverse-engineering,retroplasma,2120,192,False
lv_port_esp32,lvgl,637,312,False
ESP32-PicoDK,peng-zhihui,967,260,False
EasyRTMP,tsingsee,615,228,False
esp-link,jeelabs,2465,660,False
endlessh,skeeto,5491,237,False
hbird-e-sdk,SI-RISCV,93,79,False
tinyalloc,thi-ng,697,65,False
apue.3e,brandongooch,112,68,False
Unix-Privilege-Escalation-Exploits-Pack,Kabot,686,323,False
esp_wifi_repeater,martin-ger,4089,804,False
examples,openglredbook,883,434,False
AtherosE2200Ethernet,Mieze,228,47,False
edk2-platforms,tianocore,380,306,False
CSAPP-3e,DesmondoRay,176,51,False
EasyAACEncoder,EasyDarwin,311,234,False
Lua-RTOS-ESP32,whitecatboard,976,191,False
esp32-cam-demo,igrr,560,241,False
esp32-cam-webserver,easytarget,641,218,False
espeak-ng,espeak-ng,1431,560,False
micropython-esp32,micropython,625,215,False
eaphammer,s0lst1c3,1600,272,False
espressif,pcbreflux,539,435,False
e4357,Shengliang,5,60,False
Arduino-HomeKit-ESP8266,Mixiaoxiao,1032,212,False
nRF5x,redbear,173,94,False
ESP8266_AT,espressif,461,230,False
ESP32-e-Paper-Weather-Display,G6EJD,624,155,False
EtherSploit-IP,thiagoralves,50,18,False
ESP32_TFT_library,loboris,474,214,False
EDRs,Mr-Un1k0d3r,1483,252,False
TQ-pre-jailbreak,pattern-f,272,61,False
f-stack,F-Stack,3241,798,False
stm32f429,MaJerle,1607,1188,False
f3,AltraMayor,1680,111,False
NanoVNA-F,flyoob,132,45,False
FreeRDP,FreeRDP,7150,17698,False
STM32F103,avislab,591,482,False
u2f-zero,conorpp,2329,196,False
imu-f,heliorc,10,23,False
pg_tail,aaparmeggiani,113,7,False
FFmpeg,FFmpeg,30889,9895,False
qmk_firmware,qmk,12913,27487,False
libu2f-host,Yubico,323,202,False
f9-kernel,f9micro,635,146,False
ngrok-libev,koolshare,34,25,False
fq,circonus-labs,272,32,False
p0f,p0f,386,119,False
STM32F4,mfauzi,88,177,False
STM32CubeF4,STMicroelectronics,459,262,False
f1rmware,rad1o,170,117,False
pam-u2f,Yubico,442,64,False
FFmpegAndroid,xufuji456,3384,978,False
FreeRTOS,FreeRTOS,2784,961,False
fastdfs,happyfish100,8122,1912,False
UA2F,Zxilly,91,27,False
stm32f407,wujique,119,88,False
stm32f103-keil,yohanes-erwin,187,227,False
Manticore,ProjectManticore,226,42,False
nodemcu-firmware,nodemcu,7114,3055,False
p0f-mtu,ValdikSS,198,63,False
firmware,raspberrypi,4611,1634,False
stm32f4-examples,k-code,240,175,False
flipperzero-firmware,flipperdevices,2403,617,False
f-threadpool,zhiyong0804,22,40,False
fftw3,FFTW,2164,571,False
freebsd-src,freebsd,6495,2437,False
STM32CubeF7,STMicroelectronics,201,154,False
STM32CubeF1,STMicroelectronics,309,110,False
u2f-token,gl-sergei,249,41,False
fio,axboe,3651,1016,False
fishhook,facebook,4794,892,False
FreeRTOS-Kernel,FreeRTOS,1117,601,False
fastsocket,fastos,3777,748,False
fchat-pidgin,fchat-pidgin,23,10,False
frr,FRRouting,2242,929,False
freeswitch,signalwire,1910,926,False
fontforge,fontforge,4703,609,False
TheFatRat,screetsec,6751,2012,False
FidelityFX-FSR,GPUOpen-Effects,1800,141,False
Rodinia-FPGA,shvo,4,4,False
Example_STM32F103,stDstm,104,114,False
GD32F103,YaFood,51,56,False
ST_Drone_FCU_F401,STMicroelectronics-CentralLabs,130,102,False
fluent-bit,fluent,3785,1090,False
realboard-stm32f4,RT-Thread,69,128,False
FFmpegMediaMetadataRetriever,wseemann,1551,361,False
firejail,netblue30,4357,475,False
erlang-keccakf1600,potatosalad,15,27,False
USBComposite_stm32f1,arpruss,296,65,False
f4f-hds,inventos,15,11,False
amazon-freertos,aws,2499,1096,False
STM32F030F4-VGA,FPGA-Computer,56,22,False
FreeModbus_Slave-Master-RTT-STM32,armink,1127,717,False
flex,westes,2630,455,False
BLACK_F407VE,mcauser,85,35,False
libu2f-server,Yubico,92,33,False
FlashDB,armink,815,246,False
fbtft,notro,1727,493,False
freeradius-server,FreeRADIUS,1676,953,False
mobile-ffmpeg,tanersener,3392,683,False
RxFFmpeg,microshow,3682,653,False
NTC,nimaltd,15,5,False
hoverboard-firmware-hack-FOC,EFeru,529,358,False
flatpak,flatpak,3241,326,False
ffmpeg-libav-tutorial,leandromoreira,8010,778,False
fruitstrap,ghughes,521,698,False
flashcache,facebookarchive,1589,429,False
FreeDVDBoot,CTurt,1833,140,False
teensy-u2f,yohanes,120,25,False
C0F3,JosephShenton,105,25,False
FreeRDP-old,FreeRDP,65,724,False
flinux,wishstudio,3538,256,False
FlexibleButton,murphyzhao,470,226,False
crazyflie-firmware,bitcraze,886,849,False
EasyFlash,armink,1544,663,False
FidelityFX-FSR2,GPUOpen-Effects,961,65,False
fadecandy,scanlime,1204,373,False
FFMpeg,havlenapetr,880,428,False
F4OS,prattmic,80,26,False
BIGTREETECH-TouchScreenFirmware,bigtreetech,997,1364,False
ffmpeg-avplayer-for-ios-tvos,imoreapps,993,246,False
fwupd,fwupd,1769,291,False
FlagPhoneNumber,chronotruck,416,274,False
arm-trusted-firmware,ARM-software,1430,1089,False
CS362-F2019,CS362-Roberts,1,163,False
STM32Cube_FW_F4,fboris,104,231,False
your_first_code,holbertonschool,76,3668,False
pluto-fw,carrotIndustries,82,17,False
coder-kung-fu,yanfeizhang,3885,635,False
ffmpeg4android,byhook,598,213,False
goal,eatnumber1,328,163,False
lge-kernel-gproj,CyanogenMod,24,76,False
u8g2,olikraus,3218,801,False
sslh,yrutschle,3631,321,False
grbl,grbl,4707,2823,False
gmic-community,dtschump,118,25,False
ipp_audio_codecs,opentelecoms-org,39,29,False
grbl,gnea,3339,1402,False
asterisk-g72x,arkadijs,25,15,False
AppleIntelWiFiMVM,ammulder,470,111,False
git,git,43004,23804,False
tinyalloc,thi-ng,697,65,False
android_device_lge_e980,CyanogenMod,14,37,False
mod_bcg729,xadhoom,149,105,False
nRF5x,redbear,173,94,False
EasyPlayer-RTSP-Win,tsingsee,238,142,False
g_mmpbsa,RashmiKumari,49,51,False
grbl_stm32f4,deadsy,53,33,False
videostreamer,horgh,244,58,False
ntfs-3g,tuxera,326,68,False
STL,openitu,61,20,False
GloVe,stanfordnlp,5985,1399,False
moto_g,faux123,10,11,False
TSF4G,xgugeng,47,97,False
glfw,glfw,9370,3747,False
color-compile,chinaran,88,48,False
gcc,gcc-mirror,6575,3455,False
GmSSL,guanzhi,3278,1244,False
bsec_bme680_linux,alexh-name,73,46,False
EasyPlayer-RTSP-iOS,tsingsee,83,67,False
wl500g,wl500g,135,47,False
GoodbyeDPI,ValdikSS,7230,708,False
g_s32k144,GreyZhang,186,106,False
U8g2_Arduino,olikraus,225,98,False
android_device_motorola_xt1032,razrqcom-dev-team,5,11,False
codec-for-audio-in-G72X-G711-G723-G726-G729,twstx1,29,20,False
node-hackrf,mappum,126,28,False
G711,escrichov,35,19,False
STM32-Arduino,redbear,54,39,False
kernel-moto-g,Blechd0se,8,15,False
goaccess,allinurl,14945,997,False
gpdb,greenplum-db,5304,1504,False
CSipSimple,zencodex,52,48,False
janus-gateway,meetecho,6613,2204,False
android_kernel_motorola_msm8226,razrqcom-dev-team,5,219,False
gtp5g,PrinzOwO,68,36,False
openairinterface5g,chunyeow,56,38,False
hf2gcode,Andy1978,34,12,False
AESCrypt2,palmerc,76,24,False
G5,calvinwilliams,19,18,False
u8g2_wqy,larryli,203,51,False
glusterfs,gluster,3754,1006,False
GameNetworkingResources,ThusWroteNomad,4884,364,False
gStar4D,ashwin,101,25,False
g729,DoubangoTelecom,17,14,False
GraphicsGems,erich666,1136,216,False
Programming-in-C,HenrikSamuelsson,43,23,False
glibc,lattera,1507,882,False
u-osd2,amaximchuk,14,13,False
STM32CubeG0,STMicroelectronics,97,49,False
gimp,GNOME,3471,578,False
android_kernel_lge_g3,CyanogenMod,13,113,False
gnucash,Gnucash,2324,661,False
logitech-g600-linux,mafik,95,19,False
logitech-g710-linux-driver,Wattos,130,40,False
STM32CubeG4,STMicroelectronics,89,44,False
geany,geany,2360,536,False
g3data,pn2200,66,20,False
glew,nigels-com,2109,520,False
open-gpu-kernel-modules,NVIDIA,12314,844,False
android_kernel_motorola_msm8226,LineageOS,14,66,False
pcm-g711,dystopiancode,49,21,False
gPTPd,induarun9086,20,11,False
TSF4G,aressky,4,60,False
go-sqlite3,mattn,5872,972,False
git-training,Taeung,310,1823,False
gpac,gpac,1888,425,False
gear-lib,gozfree,2529,718,False
slstatus,drkhsh,196,63,False
g500,cvuchener,45,7,False
gXipmsg,gporais,20,10,False
Adafruit-GFX-Library,adafruit,1876,1404,False
glib,GNOME,1169,458,False
VitaRW,MajorTomSec,49,14,False
BESC-G2,galpavlin,35,20,False
gstreamer,GStreamer,1322,404,False
G-CVSNT,GaijinEntertainment,13,11,False
GxEPD,ZinggJM,723,182,False
OpenGL,McNopper,1930,611,False
gb-studio,chrismaltby,6321,359,False
monero-gui,monero-project,1213,721,False
illumos-gate,illumos,1214,714,False
GodMode9,d0k3,1541,168,False
BLE-HUD-navigation-ESP32,alexanderlavrushko,33,15,False
Goldleaf,XorTroll,2192,274,False
gravity,marcobambini,4042,207,False
CGTerm,MagerValp,21,7,False
G6,calvinwilliams,14,10,False
gobpf,iovisor,1757,284,False
gtk,GNOME,1064,350,False
Broadway,mbebenita,2547,417,False
ccminer,cbuchner1,246,1785,False
tpch-dbgen,electrum,174,83,False
h3,uber,3566,355,False
progman,jcs,115,9,False
h2o,h2o,10086,806,False
httpserver.h,jeremycw,1580,112,False
h,savetheinternet,27,12,False
linmath.h,datenwolf,692,126,False
h-encore,TheOfficialFloW,1008,102,False
encpipe,jedisct1,163,10,False
h264,keishi,40,22,False
gif-h,charlietangora,412,97,False
nuklear,golang-ui,1477,97,False
pingos,pingostack,830,236,False
tpch-kit,gregrahn,111,59,False
ffmpeg-h264-dec,shengbinmeng,78,28,False
subprocess.h,sheredom,740,56,False
H264BSAnalyzer,latelee,623,276,False
WindowsHModular,Leandros,304,25,False
c11threads,jtsiomb,176,32,False
TPC-H-Hive,rxin,40,26,False
NanoVNA-H,hugen79,303,96,False
HarmonyOS,Awesome-HarmonyOS,18579,3332,False
h264bitstream,aizvorski,583,196,False
librtsp,ykst,51,48,False
ntdll,Fyyre,80,26,False
async.h,naasking,528,39,False
libde265-ffmpeg,strukturag,35,23,False
h5stream,linkingvision,399,184,False
EasyPlayer-RTSP-Win,tsingsee,238,142,False
utf8.h,sheredom,1227,103,False
hashmap.h,sheredom,304,39,False
list,Akagi201,23,24,False
tinyh264,udevbe,139,23,False
decoder_wasm,goldvideo,197,62,False
how2heap,shellphish,5537,1030,False
freeBook-H5,wangleihd,127,154,False
Samsung-logo,morfic,23,35,False
dvbsnoop,a4tunado,33,29,False
Getopt-for-Visual-Studio,skandhurkat,62,80,False
gstreamer-libde265,strukturag,56,23,False
HandBrake,HandBrake,10464,991,False
tpch-spark,ssavvides,66,71,False
rosettadrone,The1only,102,60,False
conio-for-linux,nowres,23,8,False
h264_to_rtp,hmgle,147,116,False
vlc-libde265,strukturag,78,62,False
h3,c9s,125,29,False
hashcat,hashcat,15032,2296,False
ffmpeg_h264_H3,uboborov,55,27,False
h2engine,fanchy,249,82,False
HoloCubic,peng-zhihui,4466,913,False
h4cks,m0chan,174,80,False
h3_lichee,friendlyarm,97,98,False
haveged,jirka-h,206,30,False
EasyPlayer-RTSP-iOS,tsingsee,83,67,False
stm32h,dmitrystu,11,11,False
IPcam,ML-Cai,17,25,False
hiredis,redis,5377,1687,False
ooh323c,traviscross,12,10,False
jmcodec,mojing1999,23,9,False
flv-muxer,Akagi201,32,17,False
hasciicam,jaromil,64,12,False
helloworld,fw876,2466,1733,False
hackrf,greatscottgadgets,4706,1289,False
android_device_lenovo_a3,lenovo-a3-dev,4,11,False
h-encore-2,TheOfficialFloW,292,40,False
raspberrypi-openmax-h264,gagle,107,27,False
ffmpeg-tsmuxer,Akagi201,12,21,False
conio,thradams,20,17,False
h264bsd,oneam,158,45,False
mod_h2,icing,249,37,False
stdstring.h,r-lyeh,178,12,False
y2038,evalEmpire,101,25,False
url.h,jwerle,46,21,False
thc-hydra,vanhauser-thc,6400,1552,False
-VideoToolboxDemo,adison,104,58,False
httpd,apache,3035,980,False
http-parser,nodejs,6052,1513,False
ffmpeg_libnvenc,Brainiarc7,53,15,False
HP-Socket,ldcsaa,4792,1666,False
mv-extractor,LukasBommes,82,25,False
h3-go,uber,190,37,False
glkterm,erkyrath,13,10,False
bithacks.h,pkrumins,72,16,False
mpc-hc,mpc-hc,3803,1649,False
htop,hishamhm,5699,621,False
tidy-html5,htacg,2479,407,False
ppsspp-ffmpeg,hrydgard,51,69,False
banned,x509cert,91,4,False
hidapi,signal11,2181,870,False
haxm,intel,2704,726,False
ubench.h,sheredom,148,10,False
gb28181ToH264,debugger999,132,95,False
vdpau-hevc-example,NVIDIA,23,12,False
H-HDU,HDU-Course,46,16,False
HackSysExtremeVulnerableDriver,hacksysteam,1826,473,False
haproxy,haproxy,2983,599,False
czech.h,Toaster192,59,14,False
libuv,libuv,19820,3179,False
fio,axboe,3651,1016,False
i3,i3,7376,682,False
i3,Airblader,5876,315,False
cJSON,kbranigan,394,243,False
programacion_1_laboratorio_1,codeutnfra,52,569,False
Telegram-iOS,TelegramMessenger,3747,1004,False
Tesseract-OCR-iOS,gali8,4147,950,False
iProxy,tcurdt,1158,193,False
ios-kexec-utils,ramytuki,41,149,False
iSCSIInitiator,iscsi-osx,497,96,False
zork,devshane,504,112,False
ijkplayer,bilibili,30629,7842,False
minecraft-weekend,jdah,2857,320,False
i3lock,i3,759,382,False
tio,tio,936,118,False
linux-imx,varigit,51,128,False
iPlug2,iPlug2,1326,226,False
i3blocks,vivien,2031,171,False
iShadowsocksR,ShadowsocksR-Live,486,280,False
minecraft-again,jdah,538,60,False
i3status,i3,523,234,False
DOOM-iOS,id-Software,723,195,False
tlog,Scribery,244,46,False
ImageMagick,ImageMagick,7469,1033,False
ioping,koct9i,842,71,False
iOSSniffer,gofmt,233,53,False
iBooks,JMQCode,96,72,False
iRime,jimmy54,193,53,False
esp-idf,espressif,8857,5625,False
iVim,terrychou,480,31,False
matio,tbeu,257,85,False
iODBC,openlink,132,48,False
iOS-BetaBuilder,HunterHillegas,558,110,False
IronOS,Ralim,4683,539,False
ior,LLNL,100,52,False
opensn0w,Malvix,3,161,False
KaprekarProject,cbourke,2,502,False
exploit,cloudsec,77,56,False
jelbrekLib,jakeajames,238,60,False
InfiniTime,InfiniTimeOrg,1702,589,False
iGoat-Swift,OWASP,299,105,False
imx_usb_loader,boundarydevices,230,153,False
programacion_1_laboratorio_1,tecnicaturasutnfra,18,49,False
iOSRSAHandler,HustBroventure,130,33,False
iperf,esnet,4539,1033,False
ish,ish-app,12288,669,False
libimxvpuapi,Freescale,68,48,False
MAME4iOS,yoshisuga,373,82,False
SoftI2CMaster,felias-fogg,300,89,False
Il2CppInspector,djkaty,1900,289,False
android_kernel_samsung_herolte,ivanmeler,70,30,False
inav,iNavFlight,2098,1123,False
node-i2c,kelly,214,90,False
detours,Nukem9,65,43,False
Opus-iOS,chrisballinger,201,89,False
Sphero-iOS-SDK,sphero-inc,229,82,False
ioio,ytai,732,364,False
gstreamer-imx,Freescale,159,127,False
mdc118,profjosereginaldo,8,181,False
stm32f4-examples,k-code,240,175,False
itlwm,OpenIntelWireless,5623,560,False
iOS-OpenGLES-Stuff,jlamarche,693,148,False
physfs,icculus,221,38,False
FlySkyI6,qba667,236,69,False
Wolf3D-iOS,id-Software,467,161,False
Quake-III-Arena,id-Software,6038,1704,False
L-ink_Card,peng-zhihui,6493,1633,False
iActiveRecord,AlexDenisov,361,52,False
ipu-examples,rogeriorps,25,28,False
Zygisk-Il2CppDumper,Perfare,760,641,False
INTANG,seclab-ucr,2837,588,False
lazy_python,llllllllll,264,17,False
immortalwrt,immortalwrt,1431,736,False
iodine,yarrick,4385,433,False
i7z,ajaiantilal,205,60,False
ics-openvpn,schwabe,2540,1049,False
iWatch,ZeekiChen,59,26,False
iBoot32Patcher,iH8sn0w,140,65,False
iOSMp3Recorder,rpplusplus,190,55,False
iVM,aquynh,55,25,False
iotjs,jerryscript-project,2492,447,False
android_vuln_poc-exp,jiayy,614,213,False
I2C-Tiny-USB,harbaum,221,59,False
brzo_i2c,pasko-zh,237,45,False
iOS-Ingress,feffi,25,118,False
libtuv,Samsung,124,73,False
iproute2,shemminger,581,244,False
icmptunnel,DhavalKapil,2832,329,False
i3lock,Lixxia,195,45,False
DirectIO,mmarchetti,109,31,False
irssi,irssi,2528,335,False
inih,benhoyt,1793,387,False
diod,chaos,281,49,False
PINRemoteImage,pinterest,3958,500,False
icmpsh,bdamele,1300,405,False
ipxe,ipxe,871,468,False
io,IoLanguage,2443,294,False
lacewing,lacenet,223,46,False
KeenClient-iOS,keenlabs,80,56,False
jsource,jsoftware,508,68,False
daemontools,daemontools,76,32,False
wmd,mkusner,519,136,False
J1939,XeiTongXueFlyMe,215,172,False
jSerialComm,Fazecast,937,236,False
jsource,codereport,39,18,False
jq,stedolan,22647,1327,False
unbox,iocane,38,7,False
john,openwall,6547,1707,False
json-tutorial,miloyip,6176,3718,False
cJSON,DaveGamble,7722,2673,False
jemalloc,jemalloc,7256,1231,False
janus-gateway,meetecho,6613,2204,False
The-Art-Of-Programming-By-July,julycoding,20496,7177,False
japronto,squeaky-pl,8574,592,False
jerryscript,jerryscript-project,6299,644,False
jansson,akheron,2649,757,False
jsmn,zserge,2985,686,False
json-c,json-c,2503,1005,False
com4j,kohsuke,136,73,False
LuaJIT,LuaJIT,3342,735,False
xvcd-jlink,fantomgs,8,11,False
j2534,NikolaKozina,29,27,False
jabberd2,jabberd2,438,189,False
jailhouse,siemens,1458,293,False
joy,cisco,1173,312,False
julius,julius-speech,1539,266,False
EDUReviver,banxian,13,7,False
Open-SAE-J1939,DanielMartensson,99,46,False
vim.js,coolwanglu,4442,283,False
jsmpeg-vnc,phoboslab,2190,378,False
julius,bvschaik,1740,218,False
janet,janet-lang,2499,176,False
jo,jpmens,4208,134,False
jessibuca,langhuihui,980,248,False
libneo4j-client,cleishm,138,34,False
ILanguage,mlochbaum,69,3,False
QuickJS,quickjs-zh,2463,258,False
jamulus,jamulussoftware,851,209,False
json-parser,json-parser,1166,295,False
Tinyhttpd,EZLippi,8723,3567,False
jsos,haileys,1029,168,False
sunflower-embedded-system-emulator,physical-computation,13,170,False
j1939,yougukepp,19,19,False
mdr1986x-JFlash,in4lio,9,6,False
Judger,QingdaoU,377,215,False
J1939_stack,mikebailey61,42,38,False
jep,ninia,943,125,False
JSMin,douglascrockford,644,144,False
j-playground,jsoftware,7,3,False
jdupes,jbruchon,1183,102,False
jpake,seb-m,22,14,False
c-jwt-cracker,brendan-rius,1833,234,False
HummusJS,galkahana,1071,175,False
jpegoptim,tjko,1221,93,False
cJSON,kbranigan,394,243,False
jRAPL,kliu20,19,14,False
JiYuTrainer,imengyu,379,76,False
jack1,jackaudio,233,73,False
jni4android,bilibili,281,80,False
jupiter,tiglabs,315,133,False
jwEngine,jwcpp,234,64,False
test-can-j1939,kurt-vd,35,28,False
Jsonviewer2,zbeboy,187,69,False
reliable-transport-protocol,Ghamry0x1,23,23,False
jpeg-archive,danielgtaylor,1111,120,False
jelbrekLib,jakeajames,238,60,False
box2d.js,kripken,1190,187,False
struct2json,armink,543,254,False
FreeJ,jaromil,13,14,False
jellyfish,LucaBongiorni,81,197,False
j0llyDmpr,0vercl0k,41,22,False
jimtcl,msteveb,348,95,False
JSON-Viewer,kapilratnani,572,128,False
jattach,apangin,610,73,False
j2k.js,kripken,78,16,False
jabcode,jabcode,791,62,False
zstd-jni,luben,565,120,False
wal2json,eulerto,967,152,False
jit-tutorial,spencertipping,1435,79,False
j4cDAC,j4cbo,55,17,False
Jerasure,tsuraan,232,92,False
jwm,joewing,422,70,False
js0n,quartzjer,313,46,False
CLIB,Justme0,16,10,False
Jynx2,chokepoint,118,53,False
JamesDSPManager,james34602,204,39,False
jdh-8,jdah,969,69,False
jasper,jasper-software,169,86,False
jhPrimeminer,jh000,33,79,False
jsquery,postgrespro,668,44,False
rootlessJB3,jakeajames,363,147,False
jshon,keenerd,363,56,False
lua.vm.js,daurnimator,823,98,False
jmagick,techblue,170,76,False
jgmenu,johanmalm,745,40,False
webrtc-jingle-client,lukeweber,331,142,False
react-juce,JoshMarler,585,71,False
FreeJoy,FreeJoy-Team,389,83,False
PiJuice,PiSupply,358,86,False
dynomite,Netflix,3931,521,False
k,dylanaraps,51,11,False
kona,kevinlawler,1257,135,False
c-semantics,kframework,265,38,False
ptpd,ptpd,377,158,False
swift-corelibs-libdispatch,apple,2218,431,False
git-workshop,webdev-js-evenings,18,66,False
kmeans,serban,228,121,False
klipper,Klipper3d,5087,3490,False
kcp,skywind3000,11496,2206,False
secp256k1,bitcoin-core,1499,848,False
kbengine,kbengine,4939,2303,False
k-miner,ssl-tud,52,16,False
SiK,ArduPilot,220,207,False
safeclib,rurban,178,50,False
SensESP,SignalK,90,68,False
windows-kernel-exploits,SecWiki,6479,2679,False
kphp-kdb,vk-com,6240,218,False
kilo,antirez,5549,685,False
tmk_keyboard,tmk,3669,1676,False
c-solutions,williamgherman,263,161,False
keepalived,acassen,3148,680,False
kamailio,kamailio,1670,783,False
klib,attractivechaos,3595,496,False
linux-kernel-exploits,SecWiki,4465,1715,False
kcat,edenhill,4316,405,False
Kernelhub,Ascotbe,1934,534,False
open-gpu-kernel-modules,NVIDIA,12314,844,False
krackattacks-scripts,vanhoefm,3117,763,False
kdtree,gvd,55,21,False
krb5,krb5,412,324,False
Keylogger,GiacomoLaw,1424,503,False
kernel,rockchip-linux,589,722,False
kore,jorisvink,3516,313,False
KCCbjc4_debug,LGCooci,846,272,False
Knot,Lojii,1272,465,False
c1000k,ideawu,563,166,False
snoopy,a2o,1016,143,False
WSL2-Linux-Kernel,microsoft,5859,699,False
knowledge-kit,FantasticLBP,724,182,False
kDriver-Fuzzer,k0keoyo,428,155,False
OpenCR,ROBOTIS-GIT,311,208,False
AppImageKit,AppImage,7364,489,False
coder-kung-fu,yanfeizhang,3885,635,False
KeepAlive,lcodecorex,485,155,False
KernelBhop,Zer0Mem0ry,550,145,False
k380-function-keys-conf,jergusg,608,117,False
KernelFuzzer,FSecureLABS,426,159,False
kpatch,dynup,1198,260,False
KDU,hfiref0x,985,271,False
Hacktoberfest-2k17,WebClub-NITK,23,354,False
KiTTY,cyd01,1080,92,False
kernel-exploits,xairy,1285,381,False
keen,keendreams,1875,173,False
kissfft,mborgerding,965,216,False
kernel,sonyxperiadev,305,340,False
TrustKit,datatheorem,1759,288,False
FreeRTOS-Kernel,FreeRTOS,1117,601,False
KuGouDemo,what951006,220,198,False
kernel_common,aosp-mirror,426,514,False
kekeo,gentilkiwi,1072,188,False
DeltaPorts,DragonFlyBSD,28,28,False
Kha,Kode,1287,159,False
killerbee,riverloopsec,646,206,False
kernel-msm,MotorolaMobilityLLC,512,408,False
ffmpeg-kit,tanersener,1593,241,False
ksm,asamy,754,176,False
nngeo,michaeldorman,65,9,False
K-and-R-exercises-and-examples,caisah,141,42,False
SUDO_KILLER,TH3xACE,1572,210,False
kernel-exploits,lucyoa,822,277,False
ketama,RJ,777,157,False
SpaceLemon-N910H-Kernel,LukasAddon,16,15,False
Kam1n0-Community,McGill-DMaS,531,121,False
libmypaint,mypaint,263,81,False
KeyKey,Yi-Kai,24,166,False
ML-KWS-for-MCU,ARM-software,977,385,False
KittyExtension,HaJaeKyung,237,96,False
konnected-security,konnected-io,390,324,False
kvazaar,ultravideo,618,149,False
HomeKitADK,apple,2398,239,False
KadNode,mwarning,387,72,False
kallisto,pachterlab,497,153,False
kvm-guest-drivers-windows,virtio-win,1230,301,False
PcWeChatHooK,zmrbak,319,177,False
rust-secp256k1,rust-bitcoin,228,205,False
SEASKY_K210,SEASKY-Master,165,70,False
KursNotlari,CSD-1993,354,69,False
kernel-exploits,bcoles,568,230,False
keylogger,caseyscarborough,441,146,False
android-keyboard-gadget,pelya,986,299,False
k,endSly,5,4,False
K210_Yolo_framework,zhen8838,202,61,False
KaynLdr,Cracked5pider,302,71,False
TencentOS-kernel,Tencent,1248,258,False
keychaindump,juuso,489,133,False
kadimus,P0cL4bs,476,134,False
secp256k1-zkp,ElementsProject,263,163,False
PLCameraStreamingKit,pili-engineering,1034,266,False
kentUtils,ENCODE-DCC,138,94,False
L-ink_Card,peng-zhihui,6493,1633,False
av3-fc,psas,384,71,False
l-smash,l-smash,206,63,False
isa-l,intel,657,237,False
seL4,seL4,3559,525,False
widevine-l3-guesser,Satsuoni,713,361,False
L-SMASH-Works,VFR-maniac,95,40,False
ZLCR,yitiandelan,53,46,False
linux,torvalds,135605,43983,False
liblbfgs,chokkan,481,174,False
v4l2loopback,umlaeute,2867,437,False
far2l,elfmz,1347,138,False
nrf24l01,hepingood,307,149,False
lede,coolsnowwolf,22403,17736,False
lib9p,conclusiveeng,27,24,False
libgit2,libgit2,8609,2252,False
LPJmL,PIK-LPJmL,53,32,False
libuv,libuv,19820,3179,False
linux,raspberrypi,9163,4267,False
LiteOS,LiteOS,4554,1537,False
lz4,lz4,7345,1127,False
qcom,eliot-shao,15,18,False
libevent,libevent,9026,3083,False
v4l-utils,gjasny,88,70,False
SpaceLemon-N910H-Kernel,LukasAddon,16,15,False
L-BFGS-B-C,stephenbeckr,94,46,False
lua,lua,5863,1278,False
librdkafka,edenhill,6107,2779,False
lvgl,lvgl,9995,2020,False
nrf24L01_plus,kehribar,279,98,False
libopencm3,libopencm3,2425,912,False
libsodium,jedisct1,10303,1592,False
LuaJIT,LuaJIT,3342,735,False
NetworkManager-l2tp,nm-l2tp,437,74,False
LDD-LinuxDeviceDrivers,gatieme,1530,629,False
wormhole,wuxb45,59,20,False
STM32CubeL4,STMicroelectronics,158,105,False
ldd3,martinezjavier,1892,789,False
lab,deepmind,6724,1365,False
L,sanjoy,6,3,False
v4l2grab,twam,162,92,False
libusb,libusb,3879,1605,False
seL4_tools,seL4,30,66,False
LoRaMac-node,Lora-net,1569,994,False
xLua,Tencent,7802,2269,False
Learn-Algorithms,nonstriater,6741,2204,False
libwebsockets,warmcat,3582,1312,False
libimobiledevice,libimobiledevice,5091,1101,False
x264_L-SMASH,silverfilain,30,20,False
libmodbus,stephane,2338,1411,False
Luma3DS,LumaTeam,3665,496,False
libfreenect,OpenKinect,3320,1139,False
apachebench-for-multi-url,philipgloyne,71,26,False
lxc,lxc,3753,1021,False
libcs50,cs50,1005,551,False
libui,andlabs,10306,614,False
seL4_libs,seL4,38,45,False
libfuse,libfuse,3968,920,False
LearnOpenGLES,loyinglin,1563,615,False
libhv,ithewei,4424,804,False
libssh2,libssh2,974,459,False
hmc5883l,hepingood,73,30,False
Logan,Meituan-Dianping,4427,720,False
lua-nginx-module,openresty,10150,1956,False
libvips,libvips,6926,533,False
LookingGlass,gnif,3612,230,False
lwan,lpereira,5631,566,False
leetcode,begeekmyfriend,2753,757,False
ltp,linux-test-project,1811,875,False
libuv,joyent,3282,676,False
LowCostLoRaGw,CongducPham,634,369,False
Linux-NetSpeed,Chikage0o0,3421,2470,False
LuaBridge,vinniefalco,1361,310,False
lightning,ElementsProject,2310,728,False
l1tf-poc,gregvish,95,23,False
lab0-c,sysprog21,219,944,False
LiME,504ensicsLabs,1344,297,False
littlefs,littlefs-project,3451,571,False
libpcap,the-tcpdump-group,1957,719,False
linenoise,antirez,3014,577,False
LVS,alibaba,1875,673,False
linux-kernel-exploits,SecWiki,4465,1715,False
libffi,libffi,2544,579,False
LearningVideo,ChenLittlePing,1496,248,False
licecap,justinfrankel,4625,420,False
lk,littlekernel,2640,531,False
libarchive,libarchive,1790,598,False
libqrencode,fukuchi,2059,523,False
linux-xlnx,Xilinx,1035,1393,False
lmdb,LMDB,2024,517,False
l-picola,CullanHowlett,13,12,False
libjpeg-turbo,libjpeg-turbo,2958,831,False
Lilu,acidanthera,3139,407,False
loadlibrary,taviso,3966,367,False
arduino-STM32L4,GrumpyOldPizza,62,53,False
libiec61850,mz-automation,503,318,False
libgphoto2,gphoto,789,259,False
libpostal,openvenues,3529,382,False
EasyLogger,armink,2330,891,False
util-linux,util-linux,1804,986,False
libopencm3,libopencm3,2425,912,False
tmk_keyboard,tmk,3669,1676,False
ML-KWS-for-MCU,ARM-software,977,385,False
CmBacktrace,armink,1104,510,False
m-cpuminer-v2,m-pays,86,59,False
ios-kexec-utils,ramytuki,41,149,False
android_kernel_samsung_herolte,ivanmeler,70,30,False
optiga-trust-m,Infineon,70,40,False
DAPProg,XIVN1987,193,112,False
vba-next,libretro,58,65,False
MasteringRTOS,niekiran,107,122,False
M5Stack,m5stack,965,370,False
DAGSfM,AIBluefisher,332,78,False
m-stack,signal11,160,101,False
f9-kernel,f9micro,635,146,False
orbuculum,orbcode,260,43,False
m1n1,AsahiLinux,2105,112,False
M5StickC,m5stack,385,214,False
tsh,creaktive,442,124,False
Marlin-Ai3M,davidramiro,462,174,False
android_device_sony_nicki,RonGokhale,9,27,False
AdobeWebM,fnordware,829,124,False
mini-arm-os,embedded2015,164,164,False
ESP8266SAM,earlephilhower,247,30,False
cortex-m-kws,OAID,57,24,False
rtl-wmbus,xaelsouth,125,37,False
cpmish,davidgiven,244,27,False
Unix-Network-Programming,hailinzeng,156,121,False
FlashAlgo,pyocd,107,130,False
udynlink,bogdanm,94,15,False
M5-ProductExampleCodes,m5stack,267,405,False
mDNSResponder,jevinskie,113,37,False
stModbus,urands,65,32,False
w3m,tats,532,71,False
RunCPM,MockbaTheBorg,264,62,False
cox,coocox,95,95,False
pikoRT,PikoRT,282,55,False
zero-to-main,memfault,132,18,False
mOS,intel,113,26,False
m75,meizuosc,56,35,False
M5Stack-Camera,m5stack,167,84,False
StratifyOS,StratifyLabs,91,20,False
backtrace,red-rocket-computing,57,22,False
FitM,fgsect,241,16,False
M5Core2,m5stack,152,74,False
MCUDEV_DEVEBOX_H7XX_M,mcauser,44,24,False
mPaaS,alipay,275,51,False
CoOS,coocox,72,65,False
qcom,eliot-shao,15,18,False
EDR-Bypass-demo,7BitsTeam,104,15,False
zer0m0n,conix-security,281,149,False
M-Botnet,M507,42,29,False
micropython,micropython,14846,5618,False
m64p,m64p,412,39,False
mri,adamgreen,114,46,False
wolf-m7m-cpuminer-V2,magi-project,32,49,False
m576,meizuosc,50,25,False
RC4-40-brute-office,kholia,77,53,False
AwaLWM2M,ConnectivityFoundry,96,65,False
trochili,liuxuming,127,41,False
M3,TUD-OS,87,18,False
fis-gtm,luisibanez,25,12,False
m8c,laamaa,145,50,False
Quakespasm,ericwa,55,54,False
M7M01_MuEukaron,EDI-Systems,79,28,False
yaos,onkwon,39,18,False
M365-BLE-PROTOCOL,CamiAlfa,160,44,False
mimikatz,gentilkiwi,15719,3090,False
masscan,robertdavidgraham,19372,2770,False
memcached,memcached,11998,3103,False
mpv,mpv-player,19558,2353,False
M5EPD,m5stack,120,44,False
rump,clee,25,7,False
blissc,madisongh,30,5,False
MemoryModule,fancycode,2218,676,False
mkernel,alexeyk13,12,7,False
mongoose,cesanta,8583,2376,False
argon-rtos,flit,48,12,False
BPI-M3-bsp,BPI-SINOVOIP,43,51,False
mLRS,olliw42,41,16,False
mosquitto,eclipse,6453,1985,False
m571,meizuosc,13,26,False
M1_March_2022,Bharathgopal,22,62,False
M2Crypto,mcepl,52,42,False
dps8m,charlesUnixPro,35,12,False
MonocularSfM,nebula-beta,143,27,False
mbedtls,Mbed-TLS,3668,2061,False
cmapM,cmap,31,16,False
cpmtools,lipro-cpm4l,25,13,False
SEAL,muhanzhang,418,122,False
m040,meizuosc,20,18,False
hi3798m_debian,yoyoliyang,58,35,False
KnR-The-C-Programming-Language-Solutions,thvdburgt,326,115,False
Mailspring,Foundry376,13014,826,False
mbed-os,ARMmbed,4143,2833,False
mTower,Samsung,34,13,False
M5StickC-Plus,m5stack,163,51,False
mVMC,issp-center-dev,40,12,False
thumbulator,impedimentToProgress,7,8,False
nginx-rtmp-module,arut,12012,3384,False
nnn,jarun,14612,605,False
n2n,ntop,4152,708,False
Luma3DS,LumaTeam,3665,496,False
n2n,meyerd,868,355,False
nDPI,ntop,2934,783,False
minstreamer,eweitnauer,45,84,False
rt-n56u,hanwckf,3002,3327,False
rebound,hannorein,447,178,False
s2n-tls,aws,4147,639,False
delaunay,eloraiby,117,34,False
ngram,wrathematics,65,23,False
netdata,netdata,60114,5335,False
arduino-nRF5,sandeepmistry,661,256,False
GrailSort,Mrrl,174,17,False
nginx,nginx,16887,5909,False
0d1n,CoolerVoid,782,184,False
m1n1,AsahiLinux,2105,112,False
linuxcnc,araisrobo,17,16,False
c-solutions,williamgherman,263,161,False
Linux-NetSpeed,Chikage0o0,3421,2470,False
nOS,jimtremblay,178,42,False
Adafruit_nRF52_Arduino,adafruit,475,416,False
Hands-on-System-Programming-with-Linux,PacktPublishing,155,102,False
nmap,nmap,6569,1937,False
n2n,ForgotFun,26,25,False
nRF51822-Arduino,RedBearLab,246,112,False
hin2n,switch-iot,350,96,False
timelock,genjix,3,26,False
nuklear,vurtun,13447,1114,False
nodemcu-firmware,nodemcu,7114,3055,False
ndk_dlopen,Rprop,254,59,False
cmux,Rtone,46,32,False
u-boot-mt7688,widora,77,101,False
n-days,b1n4r1b01,154,25,False
nRF5x,redbear,173,94,False
Adafruit_nRF52_Bootloader,adafruit,278,253,False
nginx-rtmp-module,arut,12012,3384,False
n00bRAT,abhishekkr,160,83,False
nanomsg,nanomsg,5464,947,False
nokogiri,sparklemotion,5886,884,False
NetHack,NetHack,2065,388,False
fastpm,fastpm,52,22,False
n2n_v2_fork,lukablurr,83,38,False
Kam1n0-Community,McGill-DMaS,531,121,False
munge,dun,186,42,False
qcom,eliot-shao,15,18,False
WaoN,kichiki,100,21,False
nanovg,memononen,4418,720,False
lua-nginx-module,openresty,10150,1956,False
Ne10,projectNe10,1273,381,False
js0n,quartzjer,313,46,False
zer0m0n,conix-security,281,149,False
proxychains-ng,rofl0r,8092,998,False
n2n,fishman,25,14,False
nanopb,nanopb,3013,663,False
naxsi,nbs-system,4077,581,False
NyuziProcessor,jbush001,1564,285,False
TCP-IP-NetworkNote,riba2534,1043,227,False
CBofN,gwf,70,20,False
react-native-code-push,microsoft,8121,1286,False
linux-80211n-csitool-supplementary,dhalperi,167,130,False
nqueen,zhsj,33,10,False
Seas0nPass,firecore,163,45,False
Adafruit_nRF8001,adafruit,106,54,False
Nuklear,Immediate-Mode-UI,5875,368,False
hungarian-algorithm-n3,maandree,34,17,False
neuralcoref,huggingface,2573,444,False
n64,glankk,87,15,False
netsniff-ng,netsniff-ng,1013,228,False
npcap,nmap,2253,439,False
ElementalX-N5,flar2,81,52,False
netmap,luigirizzo,1554,495,False
no-OS,analogdevicesinc,602,1464,False
aircrack-ng,aircrack-ng,3149,697,False
Data_Structure_n_Algorithms,gargarchit,110,43,False
shadowsocksr-native,ShadowsocksR-Live,2469,761,False
nng,nanomsg,2809,373,False
nanoDAP,wuxx,779,218,False
nexmon,seemoo-lab,1890,401,False
NanoVNA,ttrftech,721,213,False
nginx-releases,nginx,1537,800,False
nPDF,legimet,50,16,False
nlopt,stevengj,1314,408,False
nchan,slact,2861,290,False
NtyCo,wangbojing,504,218,False
cnl_app,codenload,1,34,False
ngtcp2,ngtcp2,797,178,False
nessDB,BohuTANG,849,171,False
nRF905,ZakKemble,87,39,False
NtyTcp,wangbojing,424,224,False
net-speeder,snooda,2157,567,False
sgminer-baikal,cod3gen,20,49,False
nagioscore,NagiosEnterprises,1137,382,False
visibility_graph,davetcoleman,13,9,False
neomutt,neomutt,2519,258,False
NNPACK,Maratyszcza,1569,307,False
nRF52832_Breakout,sparkfun,68,39,False
LoRaMac-node,Lora-net,1569,994,False
espeak-ng,espeak-ng,1431,560,False
nvtop,Syllo,4135,184,False
libuv,libuv,19820,3179,False
fio,axboe,3651,1016,False
h2o,h2o,10086,806,False
o,phase,52,7,False
linux-observability-with-bpf,bpftools,700,228,False
tio,tio,936,118,False
openssl,openssl,18996,8272,False
openwrt,openwrt,12181,7571,False
maloader,shinh,553,59,False
fishhook,facebook,4794,892,False
tlog,Scribery,244,46,False
obs-studio,obsproject,39871,6096,False
OpenCorePkg,acidanthera,9885,1773,False
mkp224o,cathugger,772,105,False
OpenBLAS,xianyi,4663,1202,False
matio,tbeu,257,85,False
openvpn,OpenVPN,7347,2478,False
HarmonyOS,Awesome-HarmonyOS,18579,3332,False
os-tutorial,cfenollosa,23399,2912,False
oCam,withrobot,47,54,False
ior,LLNL,100,52,False
open62541,open62541,1847,952,False
Tesseract-OCR-iOS,gali8,4147,950,False
openresty,openresty,10657,1399,False
optee_os,OP-TEE,1166,837,False
ovs,openvswitch,2937,1732,False
OpenSC,OpenSC,1929,614,False
OpenGL,McNopper,1930,611,False
openwrt,Lienol,2550,1726,False
O266player,TencentCloud,335,67,False
mbed-os,ARMmbed,4143,2833,False
ioio,ytai,732,364,False
OpenLara,XProger,3927,347,False
opengles3-book,danginsburg,1671,698,False
insert_dylib,Tyilo,1336,253,False
physfs,icculus,221,38,False
openwrt-passwall,xiaorouji,3351,1911,False
The-Art-Of-Programming-By-July,julycoding,20496,7177,False
OBS,jp9000,3359,899,False
AndroidObfuscation-NDK,Fuzion24,198,92,False
LiteOS,LiteOS,4554,1537,False
OpenNI2,OpenNI,408,908,False
OpenAppFilter,destan19,1310,547,False
OpenCPN,OpenCPN,739,432,False
openmv,openmv,1897,848,False
bitcode_retriever,AlexDenisov,172,31,False
o2,zenkovich,193,13,False
osv,cloudius-systems,3734,589,False
OSCPRepo,rewardone,2073,706,False
openssh-portable,openssh,1966,1364,False
raspberry-pi-os,s-matyukevich,11598,1170,False
ompi,open-mpi,1533,729,False
ossec-hids,ossec,3753,967,False
GW2TacO,BoyC,206,40,False
oot,zeldaret,3732,483,False
TencentOS-tiny,OpenAtomFoundation,5575,1472,False
How-to-Make-a-Computer-Operating-System,SamyPesse,19933,3377,False
open5gs,open5gs,912,409,False
OverTheWire-website,OverTheWireOrg,969,389,False
libtuv,Samsung,124,73,False
OLINUXINO,OLIMEX,1186,733,False
ics-openvpn,schwabe,2540,1049,False
OpenPilot,openpilot,483,362,False
DirectIO,mmarchetti,109,31,False
diod,chaos,281,49,False
OpenSSL,krzyzanowskim,711,291,False
openwebrtc,EricssonResearch,1761,546,False
open-gpu-kernel-modules,NVIDIA,12314,844,False
ostep-code,remzi-arpacidusseau,2142,957,False
30dayMakeOS,yourtion,4608,1236,False
openwifi,open-sdr,2587,421,False
OpenSimpleLidar,iliasam,2243,214,False
lacewing,lacenet,223,46,False
no-OS,analogdevicesinc,602,1464,False
openwrt,openwrt-mirror,515,772,False
ostep-projects,remzi-arpacidusseau,2442,757,False
openexr,AcademySoftwareFoundation,1248,505,False
opus,xiph,1492,461,False
AliOS-Things,alibaba,4255,1041,False
iopp,markwkm,56,34,False
IronOS,Ralim,4683,539,False
OpenWAF,titansec,673,223,False
OpenHMD,OpenHMD,1074,179,False
OpenMower,ClemensElflein,3167,111,False
Telegram-iOS,TelegramMessenger,3747,1004,False
openocd,openocd-org,943,512,False
OpenAvnu,Avnu,387,272,False
opensips,OpenSIPS,985,492,False
c-periphery,vsergeev,376,140,False
osmc,osmc,1497,380,False
OpenVSP,OpenVSP,368,254,False
OverFeat,sermanet,590,204,False
OpenHeat,peng-zhihui,770,173,False
simple-obfs,shadowsocks,2273,555,False
OpenDUNE,OpenDUNE,1466,130,False
BBBIOlib,ML-Cai,69,60,False
OpenNetworkLinux,opencomputeproject,440,292,False
iOS-OpenGLES-Stuff,jlamarche,693,148,False
segment_dumper,AlexDenisov,94,23,False
OpENer,EIPStackGroup,467,203,False
word2vec,tmikolov,1389,520,False
netmap,luigirizzo,1554,495,False
byte-unixbench,kdlucas,881,260,False
asterisk-chan-dongle,bg111,305,248,False
p,pinocchio,19,8,False
firmware-mod-kit,rampageX,580,154,False
rfc5766-turn-server,coturn,487,164,False
SDLPoP,NagyD,894,129,False
P2P-Over-MiddleBoxes-Demo,evilpan,363,207,False
p2pvc,mofarrell,2882,220,False
miniz,richgel999,1492,242,False
p-net,rtlabs-com,256,104,False
tstools,kynesim,176,93,False
openqnx,vocho,105,116,False
PuTTY,larryli,694,216,False
foma,mhulden,98,80,False
ioctlfuzzer,Cr4sh,139,54,False
tsocks,pc,93,31,False
qb64,Galleondragon,252,43,False
tinypy,philhassey,183,43,False
dummynet,luigirizzo,135,48,False
dhrystone,Keith-S-Thompson,71,63,False
word2vec,nicholas-leonard,33,76,False
linux-ftools,david415,88,50,False
p0f,p0f,386,119,False
hyperdbg,rmusser01,84,36,False
p2p_punch_hole,Zhangli88,8,70,False
Team-Win-Recovery-Project,TeamWin,1826,753,False
dnsmap,makefu,99,31,False
BokuLoader,boku7,759,165,False
p4factory,p4lang,170,111,False
david-mysql-tools,jameslcj,42,42,False
p7zip,jinfeihan57,497,65,False
virtdbg,upring,72,33,False
Sanguino,Lauszus,161,88,False
p2p,Martiusweb,18,23,False
openpgm,steve-o,48,36,False
p4est,cburstedde,161,96,False
procfw,MrColdbird,67,30,False
Shallot,katmagic,679,134,False
llvm-lua,Neopallium,116,23,False
cryptospecs,stamparm,55,32,False
c-p2p-chat,bschmaltz,45,23,False
netmap-libpcap,luigirizzo,74,24,False
s2p,MISS3D,138,79,False
mighty-1284p,maniacbug,108,87,False
PiP,amitv87,234,16,False
p0f-mtu,ValdikSS,198,63,False
nv-codec-headers,FFmpeg,161,63,False
msinttypes,chemeris,36,29,False
netmap-ipfw,luigirizzo,47,26,False
m64p,m64p,412,39,False
ngspice,imr,118,58,False
tinix,bajdcc,41,25,False
p11-kit,p11-glue,98,70,False
wsk,reinhardvz,38,26,False
mkdirp.c,stephenmathieson,15,7,False
TP-Link,OsandaMalith,10,11,False
segvcatch,Plaristote,64,19,False
iksemel,meduketto,30,24,False
autoquad,bn999,17,31,False
p4pdes,bueler,116,51,False
RPostgreSQL,tomoakin,58,18,False
cuda-rsa,dmatlack,20,14,False
david-mysql-tools,qingdengyue,17,28,False
sequitur,craignm,35,20,False
firmware-mod-kit,openwrt-stuff,23,24,False
ptouch-print,clarkewd,50,17,False
demul,p1pkin,77,14,False
xenogcfork,emukidid,34,20,False
Cronos_8890,ananjaser1211,39,19,False
libtask,wsxiaoys,41,18,False
source,lede-project,1586,1866,False
udptunnel,gentry0520,10,31,False
tiny-c-interpreter,larryhe,67,44,False
nextcopterplus,happyhappysundays,30,19,False
malware-lu,MalwareLu,52,15,False
pCraft,DevoInc,86,13,False
websaver,brockgr,80,12,False
ardesia,gfreeau,30,19,False
nintendont,Flygsand,9,30,False
linux-syscall-support,adelshokhy112,19,21,False
foam-extend-foam-extend-4.0,Unofficial-Extend-Project-Mirror,47,47,False
FastChia,cdians,91,34,False
CdMa-HeRoC-2.6.29,toastcfh,11,14,False
ratproxy,wallin,16,22,False
coab,simeonpilgrim,55,13,False
pTOTP,abl,14,25,False
libmfcc,jsawruk,24,18,False
math-neon,xboxfanj,32,16,False
p9813,PaintYourDragon,38,16,False
python-cobra,farseer002,15,22,False
BME280_driver,BoschSensortec,352,197,False
ebookdroid,mortenpi,46,42,False
pwauth,phokz,22,18,False
udmx,mirdej,25,17,False
iotools,adurbin,18,20,False
word2vec,Leavingseason,13,23,False
videoP2Proxy,miguelangel-nubla,118,30,False
mphidflash,AdamLaurie,22,18,False
qmk_firmware,qmk,12913,27487,False
seqtk,lh3,1002,283,False
qemu,qemu,6490,4118,False
cookbook,KxSystems,64,86,False
Quake,id-Software,3702,763,False
QuickJS,quickjs-zh,2463,258,False
QrCodeScan,chentao0707,1153,454,False
Quake-III-Arena,id-Software,6038,1704,False
quickjs,bellard,4521,447,False
qira,geohot,3526,457,False
readfq,lh3,146,63,False
WizQTClient,WizTeam,2491,813,False
qoi,phoboslab,5662,269,False
Quake-2,id-Software,2113,561,False
kafka,KxSystems,39,28,False
android_device_smartfren_rendang,CyanogenMod,4,41,False
org.quietmodem.Quiet,quiet,1416,126,False
Q2RTX,NVIDIA,999,142,False
QNNPACK,pytorch,1451,221,False
MiniQ,billhsu,156,54,False
quirc,dlbeer,700,242,False
quake3,raspberrypi,366,125,False
TewQ,SpaceR3,130,53,False
qb64,QB64Team,580,93,False
vial-qmk,vial-kb,237,618,False
rkdb,KxSystems,35,28,False
Quake3e,ec-,877,99,False
qu3e,RandyGaul,813,93,False
qpc,QuantumLeaps,545,188,False
quiet,quiet,1486,117,False
q2vkpt,cschied,935,76,False
QtCipherSqlitePlugin,devbean,280,121,False
qlibc,wolkykim,737,143,False
qu1ckr00t,grant-h,347,127,False
qhull,qhull,524,156,False
vkQuake,Novum,1352,181,False
ffi,KxSystems,26,10,False
qnsm,iqiyi,456,165,False
quadsort,scandum,1793,90,False
qboot,bonzini,674,121,False
QQMusicHelper,AsTryE,362,67,False
qhttpserver,nikhilm,323,163,False
q,howerj,12,5,False
quarkspwdump,quarkslab,372,140,False
sil-q,sil-quirk,146,28,False
QCopterFlightControl,KitSprout,154,109,False
qPID,akharsa,72,37,False
quibble,maharmstone,1438,70,False
AeroQuad,AeroQuad,298,214,False
quick2wire-gpio-admin,romilly,244,94,False
qmkbuilder,ruiqimao,327,117,False
quicly,h2o,512,96,False
android_device_google_steelhead,CyanogenMod,7,13,False
Fast-Quadric-Mesh-Simplification,sp4cerat,1040,189,False
QStlink2,fpoussin,175,65,False
q3vm,jnz,651,45,False
quagga,Quagga,224,120,False
riscv-qemu,riscvarchive,365,161,False
fq,circonus-labs,272,32,False
hackrf_tcp,jpenalbae,32,12,False
libpg_query,pganalyze,704,110,False
qemu,Xilinx,175,115,False
ESP32_CAMERA_QR,donny681,501,192,False
qfusion,Qfusion,284,90,False
qb64,Galleondragon,252,43,False
q2pro,skullernet,175,61,False
Cronos_8890,ananjaser1211,39,19,False
Quick-Cocos2dx-Community,u0u0,520,248,False
xnu-qemu-arm64,alephsecurity,1237,109,False
w25qxx,hepingood,337,188,False
android_kernel_google_steelhead,CyanogenMod,4,13,False
qbot,geniosa,124,104,False
quagga,opensourcerouting,187,82,False
qemu,ilg-archived,202,76,False
QAT_Engine,intel,283,105,False
qrcode,rsky,140,87,False
qnanopainter,QUItCoding,300,61,False
qemu-t8030,TrungNguyen1909,1229,80,False
QOpenHD,OpenHD,125,40,False
q-controllers,q-iot,34,25,False
w25qxx,nimaltd,349,134,False
pg_query,pganalyze,618,64,False
Q-Operating-System,raphydaphy,146,45,False
QuickJS,ldarren,506,20,False
QuestionAnsweringOverFB,syxu828,82,54,False
qengine,klaussilveira,782,33,False
QuIP,nasa,118,35,False
qsv2flv,btnkij,114,44,False
quartz,HewlettPackard,139,67,False
quiet-lwip,quiet,629,55,False
embedR,KxSystems,7,8,False
ios-qr-code-encoder,moqod,444,96,False
quickjspp,ftk,215,52,False
Quake-2-Tools,id-Software,263,117,False
vkQuake2,kondrak,721,73,False
QuickNFO,planbnet,275,22,False
qpn,QuantumLeaps,122,63,False
qCUDA,coldfunction,39,19,False
quake2,jdolan,211,24,False
reading-and-annotate-quic,y123456yz,296,103,False
deepMiner,deepwn,526,239,False
processx,r-lib,204,37,False
r8152,bb-qq,816,110,False
r3,c9s,786,90,False
Will_it_Python,carljv,272,135,False
rjulia,armgong,139,24,False
FSP,intel,200,104,False
digest,eddelbuettel,97,38,False
intel-cmt-cat,intel,530,178,False
iShadowsocksR,ShadowsocksR-Live,486,280,False
rmongodb,gerald-lindsly,84,43,False
libipt,intel,508,140,False
httpuv,rstudio,198,76,False
r8168,mtorromeo,167,64,False
mongolite,jeroen,271,60,False
redis,redis,56156,21544,False
vctrs,r-lib,239,49,False
haven,tidyverse,377,117,False
git2r,ropensci,183,57,False
showtext,yixuan,412,34,False
RRO,RevolutionAnalytics,86,25,False
libkrw,Siguza,154,19,False
Impost3r,ph4ntonn,499,107,False
radare2,radareorg,16632,2716,False
nio4r,socketry,939,76,False
qs,traversc,302,17,False
RMySQL,r-dbi,196,108,False
rkdb,KxSystems,35,28,False
r-yaml,vubiostat,131,31,False
gert,r-lib,127,19,False
FreeRDP,FreeRDP,7150,17698,False
ZLCR,yitiandelan,53,46,False
rCPU,davidsblog,119,28,False
xml2,r-lib,199,74,False
edgetx,EdgeTX,686,172,False
curl,jeroen,184,60,False
frei0r,dyne,266,74,False
r0ket,r0ket,165,88,False
RetroArch,libretro,6854,1441,False
colorout,jalvesaq,248,19,False
rgeolocate,Ironholds,67,20,False
v3x4,freecableguy,104,21,False
pqR,radfordneal,226,17,False
SketchUpNET,moethu,76,23,False
Programming-POSIX-Threads,hailinzeng,42,36,False
markdown,rstudio,61,76,False
r2dec-js,wargio,412,44,False
rufus,pbatard,19328,2018,False
Rmath-julia,JuliaStats,21,28,False
r0ak,harryanon,87,77,False
qu1ckr00t,grant-h,347,127,False
jsonlite,jeroen,324,27,False
SYLT-FFT,stg,67,22,False
rt-thread,RT-Thread,7277,3990,False
R7800,SVoxel,46,22,False
r8125-esxi,realganfan,130,50,False
reactos,reactos,11259,1386,False
R7800,Getnear,37,24,False
RxFFmpeg,microshow,3682,653,False
IGoR,qmarcou,41,22,False
RIOT,RIOT-OS,4227,1831,False
raylib,raysan5,10179,1231,False
ReflectiveDLLInjection,stephenfewer,1950,685,False
bibtex,ropensci,29,12,False
Team-Win-Recovery-Project,TeamWin,1826,753,False
robotjs,octalmage,11199,851,False
nct6687d,Fred78290,68,16,False
nginx-rtmp-module,arut,12012,3384,False
RepRapFirmware,Duet3D,803,500,False
rscrypt,rstudio,31,14,False
dailyprogrammerchallenges,freddiev4,312,65,False
Dummy-Robot,peng-zhihui,7937,1728,False
pingr,r-lib,28,6,False
RTKLIB,tomojitakasu,1855,1328,False
redis,tporadowski,5552,803,False
JAFaR,MikyM0use,35,16,False
snort,shrtsn,1,54,False
Rserve,s-u,259,59,False
av,ropensci,76,8,False
rtl8188eu,lwfinger,1441,549,False
R-lda,slycoder,15,22,False
rofi,davatorium,9563,516,False
rt-n56u,hanwckf,3002,3327,False
ssh,ropensci,118,20,False
rtl8812au,gnab,1461,519,False
Matrix,cran,13,19,False
realtek-r8125-dkms,awesometic,146,25,False
redsocks,darkk,2719,812,False
BPI-R2-bsp,BPI-SINOVOIP,81,31,False
USTC-CS-Courses-Resource,ustcwpz,943,5067,False
RedPitaya,RedPitaya,396,611,False
DEoptim,ArdiaD,16,11,False
R3BRoot,R3BRootGroup,10,75,False
TheFatRat,screetsec,6751,2012,False
r8152,gomesjj,41,13,False
rnnoise,xiph,2612,753,False
r2vmi,Wenzel,133,24,False
uwufetch,TheDarkBug,428,37,False
redcarpet,vmg,4771,525,False
plcontainer,greenplum-db,34,29,False
lede,coolsnowwolf,22403,17736,False
s,udo-munk,40,15,False
ccminer,cbuchner1,246,1785,False
HandBrake,HandBrake,10464,991,False
openwrt,Lienol,2550,1726,False
s,sin5678,8,14,False
mc,MidnightCommander,1794,455,False
wiredtiger,wiredtiger,1908,330,False
emojicode,emojicode,2769,164,False
s2n-tls,aws,4147,639,False
hashcat,hashcat,15032,2296,False
ThatProject,0015,920,615,False
dwm,LukeSmithxyz,624,465,False
comdb2,bloomberg,1138,191,False
libevent-book,nmathewson,650,228,False
libcs50,cs50,1005,551,False
level-ip,saminiir,2026,318,False
dump1090,antirez,1933,1178,False
figlet,cmatsuoka,982,108,False
go-algorand,algorand,1094,334,False
s_task,xhawk18,436,65,False
CrossC2,gloxec,1400,264,False
earth-reverse-engineering,retroplasma,2120,192,False
OpenWrt,KFERMercer,191,225,False
s,rain-1,49,2,False
android_kernel_samsung_smdk4412,CyanogenMod,110,519,False
HIT-OSLab,hoverwinter,1682,532,False
npcap,nmap,2253,439,False
mimic1,MycroftAI,696,146,False
jwm,joewing,422,70,False
wmd,mkusner,519,136,False
s6,skarnet,580,31,False
adafruit-beaglebone-io-python,adafruit,451,217,False
clink,mridgers,2948,293,False
s2e-old,S2E,310,172,False
luajit2,openresty,878,138,False
csapp,mofaph,454,171,False
pelikan,twitter,1161,112,False
DDoS-Scripts,PraneethKarnena,209,171,False
PiFmRds,ChristopheJacquet,1249,311,False
telegram,ex3ndr,211,105,False
mpc-hc,mpc-hc,3803,1649,False
sgtpuzzles,chrisboyle,440,148,False
OrangeS,yyu,120,42,False
s6_pcie_microblaze,Cr4sh,459,103,False
LNURLPoS,arcbtc,180,34,False
codility-lesson-solutions,ghanan94,290,153,False
Microchip,mentatpsi,80,135,False
simplest_ffmpeg_device,leixiaohua1020,105,75,False
libbase58,luke-jr,91,242,False
Workspaces,jerryxgh,98,77,False
hostapd-mana,sensepost,434,114,False
android_kernel_lge_msm8974,CyanogenMod,22,124,False
v-usb,obdev,1023,219,False
antons_opengl_tutorials_book,capnramses,778,241,False
ps3publictools,james-lukensow,33,311,False
noise-suppression-for-voice,werman,2599,136,False
libjpeg,LuaDist,153,144,False
WiringPi,WiringPi,1970,994,False
DOjS,SuperIlu,383,18,False
l-smash,l-smash,206,63,False
LNPoS,arcbtc,114,30,False
lge-kernel-mako,CyanogenMod,52,113,False
Android_Kernel_CVE_POCs,ScottyBauer,659,214,False
moonlight-common-c,moonlight-stream,283,106,False
s3backer,archiecobbs,415,67,False
your_first_code,holbertonschool,76,3668,False
w3m,tats,532,71,False
CSAPP-Labs,Ethan-Yan27,300,262,False
st,LukeSmithxyz,1407,924,False
TMC-API,trinamic,101,49,False
dlmalloc,ennorehling,171,57,False
ircd-seven,freenode,200,53,False
cairo,freedesktop,149,40,False
libtask,jamwt,290,85,False
Q2RTX,NVIDIA,999,142,False
proxytunnel,proxytunnel,330,80,False
discount,Orc,773,151,False
simplest_ffmpeg_format,leixiaohua1020,149,108,False
haproxy,haproxy,2983,599,False
MATRIX_AI,MatrixAINetwork,130,114,False
nginx-gridfs,mdirolf,800,149,False
xuggle-xuggler,artclarke,346,220,False
keyless,cloudflare,258,82,False
linux,spotify,180,254,False
DDoS-Scripts,vbooter,136,83,False
dbd,gitdurandal,125,38,False
s2p,MISS3D,138,79,False
mm,zeldaret,572,147,False
airspyone_host,airspy,210,81,False
sSocks,log4she11,36,35,False
S52,sduclos,63,27,False
open80211s,o11s,226,58,False
mPaaS,alipay,275,51,False
samsung-kernel-msm7x30,arco,45,130,False
snudown,reddit,163,72,False
android_kernel_samsung,coolya,55,310,False
carp,tekknolagi,983,85,False
PuTTYTray,FauxFaux,660,99,False
Atlas,Qihoo360,4619,1177,False
tpotce,telekom-security,3890,728,False
git-training,Taeung,310,1823,False
ast,att,441,146,False
Scan-T,nanshihui,503,235,False
opensn0w,Malvix,3,161,False
KT-SGS4,ktoonsez,28,47,False
esp32-camera-screen,lewisxhe,54,43,False
coreboot,coreboot,1578,434,False
TTGO-T-Display,Xinyuan-LilyGO,706,262,False
T-Clock,ygoe,33,174,False
deviceconsole,rpetrich,283,110,False
ESP32-Camera-Arduino,lewisxhe,47,46,False
espthernet,cnlohr,232,40,False
T-962-improvements,UnifiedEngineering,652,167,False
IoT_Board,RT-Thread,288,213,False
android_kernel_oneplus_msm8996,kerneltoast,56,22,False
RemotePotato0,antonioCoco,1085,183,False
PHP-Backdoor,Paradoxis,213,72,False
simde,simd-everywhere,1486,152,False
trezor-mcu,trezor,318,268,False
trezor-crypto,trezor,491,203,False
qemu-t8030,TrungNguyen1909,1229,80,False
PDCurses,wmcbrine,790,152,False
hacktoberfest,sbmxc,74,427,False
lge-kernel-msm7x27,CyanogenMod,28,50,False
AntiMSHookFunction,TannerJin,94,28,False
TTGO-T-Beam,LilyGO,275,101,False
LilyGo-T-Wristband,Xinyuan-LilyGO,272,98,False
mtkernel_3,tron-forum,85,16,False
Linux_Gateway-ioT,HowieXue,149,109,False
t50,jweyrich,6,101,False
op5,engstk,88,22,False
ILI9341_t3,PaulStoffregen,204,86,False
chw00t,earthquake,476,56,False
My-TTGO-Watch,sharandac,366,198,False
agoodWatch,AlexGoodyear,64,21,False
pdjson,skeeto,203,28,False
redis-tdigest,usmanm,70,12,False
Sub-IoT-Stack,Sub-IoT,125,81,False
RIoT,microsoft,61,28,False
tSIP,tomek-o,88,24,False
cs107e.github.io,cs107e,120,117,False
Team-Win-Recovery-Project,TeamWin,1826,753,False
android_device_samsung_quincyatt,CyanogenMod,9,42,False
reaver-wps-fork-t6x,t6x,1392,403,False
qu1ckr00t,grant-h,347,127,False
op7t,yhnu,149,58,False
6tunnel,wojtekka,114,26,False
Snort,eldondev,100,111,False
42_piscine,MrRobb,175,82,False
t-rex-runner-c,shlomnissan,115,12,False
IoT_Sec_Tutorial,G4rb3n,175,51,False
testrepo,github,23,49,False
sandbox,mainroach,60,33,False
Shallot,katmagic,679,134,False
libtrue,libtrue,52,15,False
varon-t,dcreager,19,33,False
IoT,remixed123,30,26,False
postgres,postgres,10693,3427,False
linux-asus-t100ta,jfwells,203,108,False
IoT_Camera,RT-Thread,65,60,False
nginx-upsync-module,weibocom,1677,382,False
T2,mmjb,80,14,False
torch7,torch,8720,2390,False
loki,djrbliss,188,129,False
TencentOS-tiny,OpenAtomFoundation,5575,1472,False
STL,openitu,61,20,False
rdup,miekg,100,16,False
op6,engstk,74,9,False
TDengine,taosdata,18712,4427,False
msm-4.14,alk3p,35,12,False
Tasmota,arendst,18018,4008,False
Programs-Scripts,mfontanini,206,97,False
IoT_pHAT,redbear,110,30,False
t2-firmware,tessel,90,33,False
op7,engstk,66,17,False
LnT_Mini_Project,arc-arnob,6,102,False
minisatip,catalinii,261,80,False
TheFatRat,screetsec,6751,2012,False
TTGO-T-Watch,Xinyuan-LilyGO,86,30,False
wireshark,wireshark,4657,1499,False
TTGO_T_Display,JakubAndrysek,24,8,False
libGBT28181,qwerty258,13,21,False
hammer,abiggerhammer,261,73,False
virtualcar,duraki,126,36,False
Tinyhttpd,EZLippi,8723,3567,False
tess-two,rmtheis,3679,1394,False
T-Watch-Projects,projetsdiy,17,7,False
hhvm-third-party,hhvm,31,62,False
tmux,tmux,25686,1779,False
tengine,alibaba,11572,2425,False
model-t,brewbit,6,10,False
IoT-Developer-Boot-Camp,MarkDing,97,58,False
t-control,hylics,20,15,False
microcontroller-projects,thebiguno,69,39,False
twemproxy,twitter,11473,1997,False
TRON,Ninals-GitHub,30,6,False
tdigest,tvondra,70,11,False
usbsniff,vdudouyt,41,14,False
os-tutorial,cfenollosa,23399,2912,False
u-boot,u-boot,2258,2500,False
u-boot-xlnx,Xilinx,477,727,False
u-boot,hardkernel,152,163,False
u-boot-sunxi,linux-sunxi,308,333,False
u-boot_mod,pepe2k,974,511,False
rt-n56u,hanwckf,3002,3327,False
u-boot-marvell,MarvellEmbeddedProcessors,45,68,False
u-boot,lentinj,29,44,False
uSockets,uNetworking,867,202,False
u8g2,olikraus,3218,801,False
uTox,uTox,882,186,False
uTox,notsecure,598,153,False
u-boot,EmcraftSystems,173,149,False
u-boot-fslc,Freescale,94,159,False
mkey,dazjo,170,44,False
Nintendont,FIX94,1375,267,False
uLui,LingJiJian,313,117,False
haxchi,smealum,79,51,False
uMQTTBroker,martin-ger,358,96,False
u-boot,khadas,49,55,False
u8glib,olikraus,1098,299,False
u2f-zero,conorpp,2329,196,False
nina-fw,arduino,93,90,False
u-boot,RobertCNelson,84,86,False
u-boot,siemens,12,23,False
u-boot,swarren,50,43,False
gtp5g,PrinzOwO,68,36,False
u-boot,joelagnel,7,40,False
hackaday-u,wrongbaud,264,65,False
Undecimus,pwn20wndstuff,6647,1357,False
CHIP-u-boot,soderstrom-rikard,2,65,False
uC-OS3,weston-embedded,541,227,False
u-boot,ARM-software,108,87,False
upx,upx,9662,1029,False
u-boot,trini,46,35,False
wii-u-gc-adapter,ToadKing,205,38,False
unicorn,unicorn-engine,5466,1102,False
u-boot-kirkwood,mibodhi,42,21,False
UACME,hfiref0x,4504,1125,False
u-boot,renesas-rcar,18,21,False
kf_u-boot,al177,14,22,False
GnuBee-MT7621-uboot,gnubee-git,17,27,False
UVCCamera,saki4510t,2515,1056,False
u-boot,digi-embedded,3,41,False
userland,raspberrypi,1954,1088,False
unet_darknet,nithi89,58,22,False
aml_s905_uboot,3F,41,12,False
uthash,troydhanson,3118,770,False
USTC-CS-Courses-Resource,ustcwpz,943,5067,False
Unity,ThrowTheSwitch,2604,776,False
uwsgi,unbit,3162,658,False
uClinux,rhuitl,62,57,False
uC-OS2,weston-embedded,299,129,False
USB-Rubber-Ducky,hak5darren,5989,1684,False
gtp5g,free5gc,11,24,False
uboot-imx,UDOOboard,18,19,False
u-boot-digilent,Digilent,27,50,False
u-boot,qemu,52,40,False
lib9p,conclusiveeng,27,24,False
uboot_nanopi2,friendlyarm,28,50,False
udis86,vmt,859,281,False
unpv13e,unpbook,790,376,False
tiny210v2-uboot,kangear,15,29,False
util-linux,util-linux,1804,986,False
u-boot,ms-iot,6,17,False
ultrajson,ultrajson,3778,357,False
unikraft,unikraft,885,621,False
mt7601u,terence-deng,58,179,False
u-boot,scorp2kk,0,252,False
wiisxr,Mystro256,94,25,False
deepin-wine-ubuntu,wszqkzqk,5979,924,False
uboot_tiny4412,friendlyarm,30,39,False
savemii,Ryuzaki-MrL,36,17,False
u-boot-oxnas,kref,11,14,False
ubertooth,greatscottgadgets,1625,405,False
pam-u2f,Yubico,442,64,False
uvbook,nikhilm,1543,387,False
NUC970_U-Boot_v2016.11,OpenNuvoton,21,42,False
uftrace,namhyung,2164,332,False
debian_u-boot,TinkerBoard,30,17,False
STM32-uCOSIII,BearZPY,120,104,False
u-boot-pi,gonzoua,135,62,False
ucore,kiukotsu,1366,355,False
can-utils,linux-can,1619,601,False
unit,nginx,2627,243,False
SmartAppUpdates,cundong,2589,836,False
u-boot-socfpga,altera-opensource,73,112,False
alpr-unconstrained,sergiomsilva,1532,573,False
UGUI,achimdoebler,943,373,False
u-boot,wowotechX,36,37,False
u-boot-mt7688,widora,77,101,False
AndroidUSBCamera,jiangdongguo,1434,518,False
unispim,thunisoft,675,386,False
uROSnode,openrobots-dev,76,26,False
unbound,NLnetLabs,1825,245,False
U8glib_Arduino,olikraus,144,75,False
u-boot,robutest,20,34,False
usbmuxd,libimobiledevice,1098,297,False
uBitcoin,micro-bitcoin,97,23,False
u-boot,shinyquagsire23,66,10,False
xv6-riscv,mit-pdos,2762,941,False
riscv-gnu-toolchain,riscv-collab,1769,721,False
riscv-pk,riscv-software-src,377,265,False
riscv-linux,riscvarchive,599,204,False
riscv-isa-sim,riscv-software-src,1403,540,False
dynomite,Netflix,3931,521,False
opensbi,riscv-software-src,468,265,False
OpenDPI,thomasbhatia,132,70,False
riscv-fesvr,riscvarchive,59,87,False
vc,vlang,168,41,False
pulpino,pulp-platform,721,248,False
Hyper-V-Internals,gerhart01,331,60,False
riscv-newlib,riscv-collab,69,102,False
fluids3,ramakarl,159,41,False
riscv-openocd,riscv,275,241,False
RISC-V-TLM,mariusmm,134,50,False
riscv-qemu,riscvarchive,365,161,False
hdk,ionescu007,192,33,False
MaixPy,sipeed,1403,391,False
riscv-crypto,riscv,227,47,False
doom,vlang,412,31,False
RVVM,LekKit,262,21,False
tinyriscv,liangkangnan,330,84,False
Ventoy,ventoy,37068,2756,False
darkriscv,darklife,1422,224,False
LiveCloudKd,msuiche,127,40,False
vlc,videolan,9261,3124,False
CycloneVSoC-examples,robertofem,73,38,False
SPIRV-VM,dfranx,223,23,False
shader-playground,tgjones,419,39,False
VeraCrypt,veracrypt,4209,675,False
vlmcsd,Wind4,6350,1828,False
hbird-sdk,riscv-mcu,76,31,False
chipyard,ucb-bar,834,380,False
riscv-binutils-gdb,riscv-collab,137,224,False
v-usb,obdev,1023,219,False
nuclei-sdk,Nuclei-Software,60,28,False
v7,cesanta,1355,173,False
riscv-musl,riscvarchive,66,14,False
silk-v3-decoder,kn007,1955,519,False
GloVe,stanfordnlp,5985,1399,False
VoxelSpace,s-macke,5477,227,False
SoftEtherVPN,SoftEtherVPN,9108,2233,False
USBaspLoader,baerwolf,160,130,False
riscv-trace-spec,riscv-non-isa,103,36,False
FreeRTOS-RISCV,illustris,65,42,False
FreeRTOS,RISCV-on-Microsemi-FPGA,20,15,False
v4l2loopback,umlaeute,2867,437,False
libandroid-shmem,termux,82,34,False
srv32,kuopinghsu,65,17,False
riscv-aosp,T-head-Semi,418,63,False
riscv-operating-system-mooc,plctlab,284,71,False
vivado-risc-v,eugene-tarassov,253,68,False
vlfeat,vlfeat,1483,623,False
ShadowVPN,clowwindy,1459,1124,False
VmwareHardenedLoader,hzqst,949,324,False
VitaShell,TheOfficialFloW,1210,212,False
vanitygen,samr7,1114,613,False
viabtc_exchange_server,viabtc,2531,1486,False
libhelix-mp3,ultraembedded,48,15,False
VulkanMemoryAllocator,GPUOpen-LibrariesAndSDKs,1682,226,False
vkQuake,Novum,1352,181,False
rv32emu,sysprog21,72,24,False
V-EZ,GPUOpen-LibrariesAndSDKs,764,67,False
VBoxHardenedLoader,hfiref0x,825,267,False
PPM2USB,thomaspfeifer,51,27,False
vdexExtractor,anestisb,839,188,False
vis,martanne,3838,248,False
truecrypt,warewolf,81,73,False
vpp,FDio,794,468,False
Validity90,nmikhailov,1815,120,False
riscv-disassembler,michaeljclark,63,22,False
vfbitcoin,casascius,31,15,False
iot-edge-v1,Azure,522,265,False
altv-js-module,altmp,33,28,False
icicle,grahamedgecombe,254,41,False
small-video-record,mabeijianxi,3401,729,False
V,alexvonduar,10,3,False
GTAV-EnhancedNativeTrainer,gtav-ent,33,13,False
varnish-cache,varnishcache,2995,358,False
yi-hack-v3,shadow-1,1109,147,False
c_library_v2,mavlink,125,367,False
vim.js,coolwanglu,4442,283,False
vgpu_unlock,DualCoder,3313,317,False
jsmpeg-vnc,phoboslab,2190,378,False
riscv2os,riscv2os,285,32,False
hexapod-v2-7697,SmallpTsai,536,190,False
word2vec,danielfrg,2437,628,False
virgo,henkman,1293,242,False
vlmcsd,kkkgo,853,284,False
linux,kvm-riscv,27,8,False
ch32v307,openwch,166,36,False
vimcdoc,yianwillis,1416,205,False
vmtouch,hoytech,1527,197,False
word2vec,dav,1440,614,False
mini-riscv-os,cccriscv,139,36,False
RVVI,riscv-verification,18,7,False
skipchat,anishathalye,18,7,False
vmware_escape,unamer,877,395,False
rv32emu-legacy,sysprog21,44,17,False
libkrw,Siguza,154,19,False
android_device_samsung_ancora,arco,56,73,False
shad0w,bats3c,1736,287,False
qu1ckr00t,grant-h,347,127,False
SparkFun_ICM-20948_ArduinoLibrary,sparkfun,87,44,False
Unix-Network-Programming,hailinzeng,156,121,False
w25qxx,hepingood,337,188,False
Team-Win-Recovery-Project,TeamWin,1826,753,False
micropython-raspberrypi,boochow,176,23,False
w25qxx,nimaltd,349,134,False
busybox-w32,rmyorston,446,113,False
cs362w16core,agroce,14,25,False
wrk,wg,32562,2695,False
minidlna,NathanaelA,26,18,False
w3m,tats,532,71,False
W64oWoW64,georgenicolaou,121,50,False
mingw-w64,mirror,247,82,False
mingw-w64,Alexpux,79,127,False
WebBench,EZLippi,2303,1119,False
WiringPi,WiringPi,1970,994,False
soem-w5500-rpi,thanhtam-h,168,72,False
WizQTClient,WizTeam,2491,813,False
clevo-keyboard-backlight,ejcosta,26,12,False
multicast_bytecopy,potmdehex,196,31,False
WindTerm,kingToolbox,6516,474,False
tsunami-udp,sebsto,115,37,False
WSL2-Linux-Kernel,microsoft,5859,699,False
wcdb,Tencent,9464,1269,False
wireshark,wireshark,4657,1499,False
poker-eval,atinm,19,12,False
webview,webview,10304,805,False
Windows-driver-samples,microsoft,5349,4464,False
nasm,letolabs,98,29,False
wasm3,wasm3,5111,324,False
word2vec,danielfrg,2437,628,False
wLaunchELF,ps2homebrew,293,32,False
wrk2,giltene,3505,309,False
WindowsInternals,zodiacon,1642,420,False
wazuh,wazuh,4560,817,False
word2vec,dav,1440,614,False
rpi_ws281x,jgarff,1583,576,False
winfile,microsoft,6230,677,False
windows-kernel-exploits,SecWiki,6479,2679,False
Marlin-mUVe1DLP-Running,mUVe3D,31,13,False
udftools,pali,74,26,False
word2vec,tmikolov,1389,520,False
dPoW,KomodoPlatform,32,69,False
wine,wine-mirror,2182,858,False
Marlin-2.0.x-SKR-Mini-E3-v1.2,gazcbm,88,54,False
BPI-W2-bsp,BPI-SINOVOIP,53,51,False
A111_Pulsed_Radar_Breakout,sparkfunX,20,14,False
KnR-The-C-Programming-Language-Solutions,thvdburgt,326,115,False
wren,wren-lang,5744,468,False
dumpTool,zoogie,33,6,False
wm-sdk-w806,IOsetting,82,40,False
OpenSource,JanThorbecke,83,51,False
opensn0w,Malvix,3,161,False
wax,probablycorey,1987,647,False
winfsp,winfsp,4779,413,False
OverTheWire-website,OverTheWireOrg,969,389,False
wolfssl,wolfSSL,1615,601,False
W7500,Wiznet,13,23,False
winafl,googleprojectzero,1992,488,False
WinObjEx64,hfiref0x,1134,260,False
deepin-wine-ubuntu,wszqkzqk,5979,924,False
WatchX,FASTSHIFT,606,227,False
wlroots,swaywm,2009,354,False
WaxPatch,mmin18,822,186,False
isl,Meinersbur,46,18,False
weechat,weechat,2509,298,False
wiredtiger,wiredtiger,1908,330,False
sipe,tieto,133,26,False
webdis,nicolasff,2557,285,False
W5500_EVB,Wiznet,45,31,False
esp_wifi_repeater,martin-ger,4089,804,False
WidescreenFixesPack,ThirteenAG,1556,169,False
word2vec_commented,chrisjmccormick,765,220,False
The-C-Programming-Language-2nd-Edition,Heatwave,179,77,False
wt,emweb,1415,335,False
WiFi_Kit_series,Heltec-Aaron-Lee,562,243,False
light_ws2812,cpldcpu,869,197,False
waifu2x-ncnn-vulkan,nihui,2153,162,False
liveW,dgranosa,64,8,False
java-tpcw,jopereira,15,25,False
tinderboxpedal,jrnelson90,60,13,False
tap-windows6,OpenVPN,582,208,False
write-a-C-interpreter,lotabout,3120,641,False
mingw-w64,mingw-w64,132,16,False
esp-just-slip,krzychb,13,3,False
ios-webkit-debug-proxy,google,5528,462,False
wal2json,eulerto,967,152,False
wxsqlite3,utelle,458,155,False
EZ-WifiBroadcast,rodizio1,681,173,False
minecraft-weekend,jdah,2857,320,False
word2vec,svn2github,316,228,False
Watchy,sqfmi,1308,240,False
webMAN-MOD,aldostools,825,149,False
Mechatronika_2015-16_Proj_TN,pptaszni,0,12,False
stm32-w5500,afiskon,42,23,False
wolfMQTT,wolfSSL,417,142,False
xLua,Tencent,7802,2269,False
xv6-public,mit-pdos,5678,3122,False
Diamorphine,m0nad,1072,335,False
xmrig,xmrig,7078,3225,False
xxHash,Cyan4973,6443,627,False
xrdp,neutrinolabs,3929,2190,False
xHook,iqiyi,3306,652,False
xv6-riscv,mit-pdos,2762,941,False
sxiv,muennich,1700,255,False
xCrash,iqiyi,3003,519,False
darwin-xnu,apple,10102,1582,False
X-TRACK,FASTSHIFT,3633,899,False
dragon,mwh,713,35,False
xhyve,machyve,6306,357,False
sxhkd,baskerville,2190,121,False
xmake,xmake-io,5284,502,False
iphone-private-frameworks,kennytm,1434,617,False
linux-xlnx,Xilinx,1035,1393,False
dosbox-x,joncampbell123,1698,269,False
zfs,openzfsonosx,798,79,False
XPlaneConnect,nasa,458,240,False
msysgit,msysgit,1857,637,False
macvim,b4winckler,5145,417,False
android-ffmpeg-x264,halfninja,426,294,False
rrdtool-1.x,oetiker,794,232,False
xv6,guilleiguaran,463,201,False
x,Tillkoeln,9,19,False
xuggle-xuggler,artclarke,346,220,False
HyperBone,DarthTon,601,241,False
xdotool,jordansissel,1987,257,False
rkduck,QuokkaLight,82,40,False
xl2tpd,xelerance,443,193,False
x264,mirror,228,181,False
mach_inject,rentzsch,754,155,False
xSocks,lparam,460,131,False
xAnalyzer,ThunderCls,771,104,False
xdp-tutorial,xdp-project,1388,376,False
XRT,Xilinx,367,362,False
xpwn,planetbeing,425,333,False
xquic,alibaba,1195,208,False
xserver,rib,69,122,False
rpi_ws281x,jgarff,1583,576,False
XNNPACK,google,1173,203,False
xv6-riscv-fall19,mit-pdos,161,314,False
WatchX,FASTSHIFT,606,227,False
xash3d-fwgs,FWGS,660,127,False
BetterPushbackC,skiselkov,406,116,False
xboot,xboot,616,237,False
xemu,mborgerson,1419,163,False
xorg-xserver,freedesktop,121,49,False
XCodeScanner,Simon-Leeeeeeeee,663,89,False
xAnSo,freakishfox,366,151,False
xen,xen-project,417,261,False
redis-rogue-getshell,vulhub,258,43,False
u-boot-xlnx,Xilinx,477,727,False
microwindows,ghaerr,407,70,False
BoAT-X-Framework,aitos-io,713,109,False
xcape,alols,1957,119,False
x2x,dottedmag,303,56,False
mjolnir,mjolnirapp,5164,135,False
pecl-memcache,websupport-sk,319,102,False
x11vnc,LibVNC,481,110,False
libfreenect,OpenKinect,3320,1139,False
xash3d,FWGS,501,100,False
Shadowsocks-X,ivine,2,293,False
ZipArchive,mattconnolly,830,264,False
ShadowsocksX,RobertYim,396,172,False
winevdm,otya128,1661,105,False
MediaLibDemos3x,slavavdovichenko,205,50,False
XKCP,XKCP,470,174,False
xvisor,xvisor,384,190,False
brokepkg,R3tr074,95,24,False
xbps,void-linux,561,91,False
IntelMausiEthernet,Mieze,394,101,False
zsummerX,zsummer,316,168,False
xnu,darwin-on-arm,558,146,False
Cocos_LearningTest,shahdza,99,175,False
certlint,amazon-archives,159,48,False
teensy-template,apmorton,166,73,False
xpad,paroj,561,136,False
mach_override,rentzsch,392,91,False
xbook2,hzcx998,412,64,False
ldd3-examples-3.x,duxing2007,410,257,False
xpadneo,atar-axis,1219,90,False
CPU-X,X0rg,1050,82,False
fontforge,fontforge,4703,609,False
php-ext-xlswriter,viest,1853,198,False
xkcptun,liudf0716,436,127,False
php-xhprof-extension,tideways,1574,204,False
xdag,XDagger,317,142,False
postgres-x2,postgres-x2,286,82,False
xml2,r-lib,199,74,False
Cocos_Ring,shahdza,68,55,False
irecovery,westbaer,50,72,False
xmrMiner,xmrMiner,165,76,False
x264,ShiftMediaProject,157,76,False
fsmon,nowsecure,721,154,False
ARM_NEON_2_x86_SSE,intel,320,123,False
xinu,xinu-os,348,119,False
licecap,justinfrankel,4625,420,False
yaf,laruence,4476,1411,False
yara,VirusTotal,5858,1217,False
yasea,begeekmyfriend,4677,1304,False
yabai,koekeishiya,12228,430,False
yjPlay,yangchaojiang,1700,323,False
yugabyte-db,yugabyte,6715,813,False
yajl,lloyd,2052,422,False
yar,laruence,1409,329,False
yquake2,yquake2,649,169,False
your_first_code,holbertonschool,76,3668,False
yaamp,globalzon,92,982,False
yolanda,froghui,790,361,False
yojimbo,networkprotocol,2156,217,False
Gaussian_YOLOv3,jwchoi384,659,181,False
ShiYanLou,Ewenwan,2137,686,False
yyjson,ibireme,2151,192,False
Yolo-Fastest,dog-qiuqiu,1677,393,False
yasm,yasm,1088,252,False
yolov2_xilinx_fpga,dhm2013724,430,168,False
yaconf,laruence,1033,203,False
yac,laruence,808,207,False
programacion_1_laboratorio_1,codeutnfra,52,569,False
yodaos,yodaos-project,1151,130,False
yolt,avanetten,251,243,False
yolo2_light,AlexeyAB,298,120,False
yajl-ruby,brianmario,1441,165,False
MobileNet-Yolo,dog-qiuqiu,1600,259,False
yabause,Yabause,313,177,False
ympd,notandy,499,141,False
yacd,DerekSelander,649,124,False
Yams,jpsim,880,99,False
liveoverflow_youtube,LiveOverflow,447,195,False
yersinia,tomac,531,102,False
yara-python,VirusTotal,471,158,False
y2038,evalEmpire,101,25,False
linux-3.4.y,friendlyarm,72,104,False
sublimepatch,CodigoCristo,184,44,False
yajl-objc,gabriel,672,119,False
yi-hack-v3,shadow-1,1109,147,False
yubico-pam,Yubico,615,107,False
yank,mptre,1434,42,False
yangwebrtc,metartc,298,83,False
yabar,geommer,662,54,False
ydotool,ReimuNotMoe,669,51,False
yuv2rgb,descampsa,135,54,False
YiYiYa,evilbinary,136,24,False
yi-hack-MStar,roleoroleo,647,99,False
yaft,uobikiemukot,530,41,False
YOS,yourtion,221,60,False
ybc,valyala,393,44,False
yubikey-personalization,Yubico,263,84,False
yaml,snoyberg,143,66,False
DOTA_YOLOv2,ringringyi,102,46,False
yds-charger,liaozhelin,326,73,False
yuv2rgb,latelee,78,48,False
yad,v1cont,442,37,False
yaota8266,pfalcon,115,32,False
YOLOV3-on-Android,huuuuusy,120,39,False
openwrt-yun,arduino,146,79,False
y86,hczhcz,64,13,False
JiYuTrainer,imengyu,379,76,False
yori,malxau,1064,20,False
datastructure_yanweimin,yunshouhu,152,70,False
YUVDroidTools,Jhuster,97,27,False
NetCore_YOYOFx,yoyofx,276,78,False
linux-4.x.y,friendlyarm,42,45,False
yubico-piv-tool,Yubico,214,85,False
YOLO-Face-detection,dannyblueliu,168,93,False
YouTube-simulations,nilsberglund-orleans,335,18,False
YRSSF,Erblocker,151,39,False
yolo-windows,frischzenger,49,96,False
YourFriendlyDNS,softwareengineer1,132,24,False
YCSB-C,basicthinker,100,65,False
Yixin-Board,accreator,177,50,False
yong,dgod,135,35,False
YMX2D,woyaofacai,42,36,False
yafu,DarkenCode,193,29,False
ygloo-ymagine,YahooArchive,141,17,False
K210_Yolo_framework,zhen8838,202,61,False
sscanf,Y-Less,69,39,False
YOLOv3-SaveVideo-New,RongSong1993,46,38,False
ybinlogp,Yelp,97,36,False
yi-hack-v5,alienatedsec,308,49,False
YACCLAB,prittt,143,28,False
YoloTensorFlow229,johnwlambert,50,27,False
YOLO,guozhongluo,46,42,False
YoutubeDL-iOS,pieter,70,22,False
Yuescript,pigpigyyy,215,21,False
yabfc,julianneswinoga,270,18,False
Yolo-for-k210,SEASKY-Master,111,57,False
YeeZ-Privacy-Computing,YeeZTech,51,23,False
Yarn,WetDesertRock,238,18,False
android_device_yu_tomato,CyanogenMod,18,116,False
OpenYuma,OpenClovis,61,47,False
programacion_1_laboratorio_1,tecnicaturasutnfra,18,49,False
ycdatabase,caohao-php,138,22,False
WhisperYAFFS,signalapp,105,37,False
yoga-laptop,pfps,155,30,False
Ajedrez2016,norman-ipn,16,24,False
yamdi,ioppermann,53,31,False
zsh,zsh-users,2841,381,False
ZipArchive,ZipArchive,5067,1238,False
zephyr,zephyrproject-rtos,6405,4017,False
zstd,facebook,17317,1700,False
zfs,openzfs,7998,1479,False
zlib,madler,3694,1909,False
zmap,zmap,4398,840,False
ZBar,ZBar,2322,1023,False
zmk,zmkfirmware,1047,1035,False
Zeus,Visgean,1173,688,False
zlog,HardySimpson,1667,590,False
ZQCNN,zuoqing1988,2140,501,False
ZipArchive,mattconnolly,830,264,False
zimg,buaazp,2668,412,False
7-Zip-zstd,mcmilk,2622,188,False
zydis,zyantific,2427,334,False
ZombieLoad,IAIK,803,131,False
ZendOptimizerPlus,zendtech,922,148,False
zapret,bol-van,1832,212,False
zsummerX,zsummer,316,168,False
zergRush,revolutionary,330,162,False
zaver,zyearn,814,238,False
Euclid_Probe,nionio6915,131,25,False
zip,kuba--,943,210,False
z88dk,z88dk,639,127,False
zForth,zevv,262,41,False
zyre,zeromq,794,168,False
DayZ-Central-Economy,BohemiaInteractive,124,252,False
zer0m0n,conix-security,281,149,False
Zygisk-Il2CppDumper,Perfare,760,641,False
zipline,cashapp,1253,112,False
ZeroAccess,hfiref0x,150,108,False
zscale,ucb-bar,49,25,False
zbar,mchehab,536,140,False
zlib-ng,zlib-ng,1098,175,False
zathura,pwmt,1150,95,False
zabbix-docker-monitoring,monitoringartist,1156,270,False
zogvm,zogvm,758,110,False
u2f-zero,conorpp,2329,196,False
php-zookeeper,andreiz,455,218,False
sdk-zephyr,nrfconnect,124,375,False
zuluCrypt,mhogomchungu,374,56,False
zork,devshane,504,112,False
ZFSin,openzfsonwindows,1125,73,False
zfs,openzfsonosx,798,79,False
ZiGate,fairecasoimeme,162,60,False
zstd,DataDog,621,73,False
zhparser,amutu,510,78,False
zstd-jni,luben,565,120,False
Objective-Zip,gianlucabertani,408,137,False
zj-58,klirichek,266,161,False
EdiZon,WerWolv,899,93,False
php-zmq,zeromq,521,116,False
php-zbarcode,mkoppanen,377,132,False
zrythm,zrythm,1220,48,False
zan,youzan,455,73,False
zzuf,samhocevar,379,79,False
zproto,zeromq,222,96,False
libzwaveip,Z-WavePublic,74,24,False
Z80,redcode,153,19,False
zint-gpl-only,zint,520,146,False
i7z,ajaiantilal,205,60,False
zerokit,Darkabode,176,88,False
skiplist,begeekmyfriend,153,58,False
DayZCommunityOfflineMode,Arkensor,275,163,False
ZPhotoEngine,XiuSdk,146,39,False
Stryker,hfiref0x,100,56,False
lua-zlib,brimworks,234,99,False
cordova-plugin-zip,MobileChromeApps,168,171,False
z80emu,anotherlin,149,41,False
ZYBO,Digilent,50,105,False
dorothy,eki,19,10,False
zpl,zpl-c,776,29,False
Z3,charcole,116,14,False
secp256k1-zkp,ElementsProject,263,163,False
AndroidUn7zip,hzy3774,316,103,False
ManaGunZ,Zarh,158,41,False
python-zstandard,indygreg,307,65,False
Zipper,outflanknl,175,52,False
ZipFile,TermiT,78,36,False
zerohttpd,shuveb,321,39,False
Zenroom,dyne,135,56,False
zenpower,ocerman,357,36,False
ZeroLogon-BOF,rsmudge,132,33,False
zboot,tomzbj,117,55,False
zephyr.js,intel,173,71,False
p7zip,jinfeihan57,497,65,False
zqf,qieangel2013,117,51,False
ZynqMP-FPGA-Linux,ikwzm,102,33,False
zint,zint,126,49,False
ZhuHuiBeiShaDiaoARK,bekdepo,74,59,False
ZRTPCPP,wernerd,107,52,False
Z370-Hackintosh,daliansky,87,35,False
UnrealDemoScanner,UnrealKaraulov,19,22,False
zizzania,cyrus-and,218,37,False
mod_zip,evanmiller,193,60,False
zklua,forhappy,100,51,False
pkg2zip,mmozeiko,294,73,False
GenesisBlockZero,Gnaf,157,95,False
miryoku_zmk,manna-harbour,57,97,False
